dataset,subject,modality,font,delta_snr,mean_par_snr,mean_ctrl_snr,delta_erp,mean_par_erp,mean_ctrl_erp
Angelique,S02,Dig,1F,0.026913821697235107,1.2519413232803345,1.2250275015830994,-0.07853877544403076,0.8212825357913971,0.8998213112354279
Angelique,S02,Dig,20F/A,0.37206292152404785,1.4928529262542725,1.1207900047302246,0.01307135820388794,0.9037745296955109,0.8907031714916229
Angelique,S02,Dig,20F/S,-0.17423391342163086,1.1762713193893433,1.3505052328109741,0.08775299787521362,0.7730499505996704,0.6852969527244568
Angelique,S02,NumWoGE,1F,-0.06838259100914001,1.3296951055526733,1.3980776965618134,0.3159775733947754,1.024778127670288,0.7088005542755127
Angelique,S02,NumWoGE,20F/A,0.5416330099105835,1.4472705125808716,0.9056375026702881,-0.10309919714927673,0.743237167596817,0.8463363647460938
Angelique,S02,NumWoGE,20F/S,0.49915021657943726,1.1999050080776215,0.7007547914981842,0.10571038722991943,0.9514131844043732,0.8457027971744537
Angelique,S03,Dig,1F,-0.22316575050354004,0.9316109716892242,1.1547767221927643,0.0736723393201828,0.5052505731582642,0.43157823383808136
Angelique,S03,Dig,20F/A,0.21187976002693176,1.16569983959198,0.9538200795650482,0.0013718605041503906,0.47227656841278076,0.47090470790863037
Angelique,S03,Dig,20F/S,0.3896920680999756,1.1251761317253113,0.7354840636253357,-0.0024809539318084717,0.4165651649236679,0.4190461188554764
Angelique,S03,NumWoGE,1F,-0.028162598609924316,1.0672027468681335,1.0953653454780579,-0.06475132703781128,0.37265855073928833,0.4374098777770996
Angelique,S03,NumWoGE,20F/A,-0.20538708567619324,0.9074081480503082,1.1127952337265015,0.017747581005096436,0.4428323209285736,0.4250847399234772
Angelique,S03,NumWoGE,20F/S,0.18056610226631165,1.0156314671039581,0.8350653648376465,0.24484138190746307,0.5973097085952759,0.3524683266878128
Angelique,S04,Dig,1F,-0.9662881046533585,0.6071764081716537,1.5734645128250122,-0.12497684359550476,0.9959120452404022,1.120888888835907
Angelique,S04,Dig,20F/A,-0.4852743446826935,1.205573320388794,1.6908476650714874,-0.09201303124427795,0.9770439267158508,1.0690569579601288
Angelique,S04,Dig,20F/S,-0.9002989232540131,0.4846423864364624,1.3849413096904755,0.12483641505241394,1.1332218050956726,1.0083853900432587
Angelique,S04,NumWoGE,1F,-1.2055622041225433,0.8469767868518829,2.0525389909744263,-0.25499194860458374,0.966956615447998,1.2219485640525818
Angelique,S04,NumWoGE,20F/A,-0.5768161788582802,0.5925541445612907,1.169370323419571,-0.1301186978816986,0.8896392583847046,1.0197579562664032
Angelique,S04,NumWoGE,20F/S,-0.25915926694869995,1.6741714477539062,1.9333307147026062,0.1430473029613495,1.142310082912445,0.9992627799510956
Angelique,S05,Dig,1F,-0.503339946269989,1.0916659235954285,1.5950058698654175,-0.09724496304988861,0.4983658045530319,0.5956107676029205
Angelique,S05,Dig,20F/A,0.2673046290874481,1.208785057067871,0.941480427980423,-0.08632312715053558,0.5203906744718552,0.6067138016223907
Angelique,S05,Dig,20F/S,-0.31132999062538147,1.2840440571308136,1.595374047756195,-0.02783319354057312,0.5522654354572296,0.5800986289978027
Angelique,S05,NumWoGE,1F,-0.5910567045211792,1.8709681034088135,2.4620248079299927,-0.02545425295829773,0.7934195697307587,0.8188738226890564
Angelique,S05,NumWoGE,20F/A,0.33926981687545776,1.4581270217895508,1.118857204914093,-0.026507258415222168,0.5831438302993774,0.6096510887145996
Angelique,S05,NumWoGE,20F/S,0.449463814496994,1.050422191619873,0.600958377122879,-0.022822976112365723,0.5926085114479065,0.6154314875602722
Angelique,S07,Dig,1F,-0.4029644727706909,1.2755064964294434,1.6784709692001343,0.03455182909965515,0.5396568477153778,0.5051050186157227
Angelique,S07,Dig,20F/A,0.2866953909397125,1.006069391965866,0.7193740010261536,-0.038617998361587524,0.38076531887054443,0.41938331723213196
Angelique,S07,Dig,20F/S,-0.3687467873096466,0.7577721774578094,1.126518964767456,-0.04768265783786774,0.44139768183231354,0.4890803396701813
Angelique,S07,NumWoGE,1F,1.8198406100273132,3.014115571975708,1.1942749619483948,0.19283191859722137,0.7034497857093811,0.5106178671121597
Angelique,S07,NumWoGE,20F/A,0.26120540499687195,1.4326294660568237,1.1714240610599518,0.12727592885494232,0.5732918083667755,0.4460158795118332
Angelique,S07,NumWoGE,20F/S,1.9168158173561096,2.76533043384552,0.8485146164894104,0.14411811530590057,0.6046337485313416,0.460515633225441
Angelique,S08,Dig,1F,-0.5363577008247375,1.0578699111938477,1.5942276120185852,-0.01876083016395569,0.549087643623352,0.5678484737873077
Angelique,S08,Dig,20F/A,-0.33440034091472626,0.6429497450590134,0.9773500859737396,-0.09608329832553864,0.4726725071668625,0.5687558054924011
Angelique,S08,Dig,20F/S,0.1351260244846344,1.0560825765132904,0.920956552028656,0.051258742809295654,0.4973191171884537,0.446060374379158
Angelique,S08,NumWoGE,1F,0.634380042552948,1.4124201536178589,0.7780401110649109,0.07925856113433838,0.5513402372598648,0.47208167612552643
Angelique,S08,NumWoGE,20F/A,0.4857247769832611,1.6884028315544128,1.2026780545711517,0.049814581871032715,0.5843446254730225,0.5345300436019897
Angelique,S08,NumWoGE,20F/S,0.6157806813716888,1.4977325797080994,0.8819518983364105,0.06484527885913849,0.591595321893692,0.5267500430345535
Angelique,S09,Dig,1F,0.6711286902427673,1.6034972667694092,0.9323685765266418,0.009063631296157837,0.5975567996501923,0.5884931683540344
Angelique,S09,Dig,20F/A,0.2409803569316864,1.3323806524276733,1.091400295495987,0.06005997955799103,0.521311804652214,0.461251825094223
Angelique,S09,Dig,20F/S,-0.11284279823303223,1.0493788123130798,1.162221610546112,0.019279733300209045,0.4647245705127716,0.44544483721256256
Angelique,S09,NumWoGE,1F,0.5337813496589661,1.7229400277137756,1.1891586780548096,0.037918031215667725,0.5910703241825104,0.5531522929668427
Angelique,S09,NumWoGE,20F/A,1.1261000633239746,2.0789319276809692,0.9528318643569946,0.04952703416347504,0.5241326242685318,0.47460559010505676
Angelique,S09,NumWoGE,20F/S,-0.2214057743549347,0.8564991652965546,1.0779049396514893,-0.043655216693878174,0.4678246080875397,0.5114798247814178
Angelique,S10,Dig,1F,0.11861951649188995,1.3602569103240967,1.2416373938322067,0.12898334860801697,0.6948138475418091,0.5658304989337921
Angelique,S10,Dig,20F/A,-0.044670552015304565,0.9018566012382507,0.9465271532535553,0.03143295645713806,0.5254113972187042,0.49397844076156616
Angelique,S10,Dig,20F/S,0.06859707832336426,1.1343528628349304,1.0657557845115662,0.06065346300601959,0.5944491624832153,0.5337956994771957
Angelique,S10,NumWoGE,1F,0.1843775510787964,1.8950506448745728,1.7106730937957764,-0.10864698886871338,0.5658800601959229,0.6745270490646362
Angelique,S10,NumWoGE,20F/A,0.3772318661212921,1.1060281991958618,0.7287963330745697,0.0346481055021286,0.6108156442642212,0.5761675387620926
Angelique,S10,NumWoGE,20F/S,0.48838967084884644,1.6728789806365967,1.1844893097877502,-0.06975129246711731,0.5722355842590332,0.6419868767261505
Angelique,S11,Dig,1F,0.9156444370746613,1.991984635591507,1.0763401985168457,0.07006442546844482,0.7193948924541473,0.6493304669857025
Angelique,S11,Dig,20F/A,-0.4530940651893616,0.9060956835746765,1.359189748764038,0.03892681002616882,0.6926305890083313,0.6537037789821625
Angelique,S11,Dig,20F/S,-0.24152612686157227,1.0980883240699768,1.339614450931549,0.1258144974708557,0.6741591095924377,0.548344612121582
Angelique,S11,NumWoGE,1F,-1.1100186705589294,1.0850121974945068,2.1950308680534363,-0.2711057662963867,0.7665742039680481,1.0376799702644348
Angelique,S11,NumWoGE,20F/A,-0.03512740135192871,1.011873573064804,1.0470009744167328,-0.12791180610656738,0.6517373919487,0.7796491980552673
Angelique,S11,NumWoGE,20F/S,-0.09091842174530029,0.9190822541713715,1.0100006759166718,-0.013347208499908447,0.6651337742805481,0.6784809827804565
Angelique,S13,Dig,1F,0.3384108543395996,2.356558084487915,2.0181472301483154,0.01907402276992798,0.6335582137107849,0.6144841909408569
Angelique,S13,Dig,20F/A,0.9013203382492065,1.7001850008964539,0.7988646626472473,0.12420240044593811,0.6216810047626495,0.4974786043167114
Angelique,S13,Dig,20F/S,0.2896893620491028,1.368053913116455,1.0783645510673523,0.05294784903526306,0.5477322638034821,0.494784414768219
Angelique,S13,NumWoGE,1F,0.6465517282485962,1.6011252403259277,0.9545735120773315,-0.018300801515579224,0.48564212024211884,0.5039429217576981
Angelique,S13,NumWoGE,20F/A,-0.3392878770828247,0.9011484384536743,1.240436315536499,0.15684068202972412,0.7425244450569153,0.5856837630271912
Angelique,S13,NumWoGE,20F/S,-0.07622760534286499,1.273657500743866,1.349885106086731,-0.04305291175842285,0.5463140308856964,0.5893669426441193
Angelique,S15,Dig,1F,0.1950131356716156,1.3091895580291748,1.1141764223575592,0.04389527440071106,0.6593718230724335,0.6154765486717224
Angelique,S15,Dig,20F/A,0.30419978499412537,1.0967066884040833,0.7925069034099579,0.025175780057907104,0.5182486772537231,0.49307289719581604
Angelique,S15,Dig,20F/S,-0.17213335633277893,0.8713110387325287,1.0434443950653076,0.13406816124916077,0.6806097328662872,0.5465415716171265
Angelique,S15,NumWoGE,1F,0.3026871383190155,1.2029162049293518,0.9002290666103363,0.044570982456207275,0.5723679959774017,0.5277970135211945
Angelique,S15,NumWoGE,20F/A,0.5532640814781189,1.9597303867340088,1.40646630525589,0.15249906480312347,0.6769436597824097,0.5244445949792862
Angelique,S15,NumWoGE,20F/S,0.8732981085777283,1.7613830864429474,0.8880849778652191,0.1032090038061142,0.5871727466583252,0.483963742852211
Angelique,S16,Dig,1F,-0.33981043100357056,1.1585848927497864,1.498395323753357,-0.0814693421125412,0.6084178537130356,0.6898871958255768
Angelique,S16,Dig,20F/A,0.0132313072681427,1.0380031168460846,1.024771809577942,-0.03696635365486145,0.5943816006183624,0.6313479542732239
Angelique,S16,NumWoGE,1F,-0.1263883411884308,1.0498250722885132,1.176213413476944,0.1978590190410614,0.8374203443527222,0.6395613253116608
Angelique,S16,NumWoGE,20F/A,0.435881644487381,1.4344848990440369,0.9986032545566559,0.12978896498680115,0.7917034924030304,0.6619145274162292
Angelique,S16,NumWoGE,20F/S,-0.3865479528903961,1.148630052804947,1.535178005695343,0.48562613129615784,1.1583681404590607,0.6727420091629028
Angelique,S18,Dig,1F,0.29798442125320435,0.978119969367981,0.6801355481147766,-0.022402316331863403,0.4324091374874115,0.4548114538192749
Angelique,S18,Dig,20F/A,-0.44609081745147705,0.8912414908409119,1.337332308292389,-0.018322795629501343,0.4695086032152176,0.48783139884471893
Angelique,S18,Dig,20F/S,0.4223012328147888,1.3856064677238464,0.9633052349090576,0.0894935131072998,0.5044760704040527,0.41498255729675293
Angelique,S18,NumWoGE,1F,-0.4197409152984619,0.8218127489089966,1.2415536642074585,-0.02145792543888092,0.4418926239013672,0.4633505493402481
Angelique,S18,NumWoGE,20F/A,0.15015581250190735,0.9395056664943695,0.7893498539924622,-0.0644436925649643,0.43293827772140503,0.4973819702863693
Angelique,S18,NumWoGE,20F/S,-0.23712289333343506,1.014061152935028,1.2511840462684631,-0.02680349349975586,0.49151912331581116,0.518322616815567
Angelique,S19,Dig,1F,0.030766993761062622,0.8603395819664001,0.8295725882053375,0.06476938724517822,0.6515885591506958,0.5868191719055176
Angelique,S19,Dig,20F/A,0.09444978833198547,1.379047840833664,1.2845980525016785,-0.1327638328075409,0.5217164158821106,0.6544802486896515
Angelique,S19,Dig,20F/S,0.02429315447807312,1.092762053012848,1.0684688985347748,0.015043199062347412,0.664402186870575,0.6493589878082275
Angelique,S19,NumWoGE,1F,-0.4737570881843567,1.197939157485962,1.6716962456703186,0.055708855390548706,0.7542492151260376,0.6985403597354889
Angelique,S19,NumWoGE,20F/A,-0.6829888224601746,0.9711903929710388,1.6541792154312134,-0.15701374411582947,0.5782347023487091,0.7352484464645386
Angelique,S19,NumWoGE,20F/S,0.16992336511611938,1.1643256545066833,0.994402289390564,0.11238282918930054,0.6638997495174408,0.5515169203281403
Angelique,S21,Dig,1F,-0.9363131523132324,1.223754644393921,2.1600677967071533,-0.23605912923812866,0.6713172197341919,0.9073763489723206
Angelique,S21,Dig,20F/A,-0.38179050385951996,0.4462979584932327,0.8280884623527527,-0.10575810074806213,0.5535688996315002,0.6593270003795624
Angelique,S21,Dig,20F/S,-0.22869452834129333,1.0330083668231964,1.2617028951644897,0.037101954221725464,0.696644514799118,0.6595425605773926
Angelique,S21,NumWoGE,1F,0.8546740710735321,2.4180855751037598,1.5634115040302277,-0.041076600551605225,0.7538963854312897,0.7949729859828949
Angelique,S21,NumWoGE,20F/A,0.7853609621524811,1.7282778024673462,0.9429168403148651,0.1713654100894928,0.8007481694221497,0.6293827593326569
Angelique,S21,NumWoGE,20F/S,0.46993958950042725,1.7312027215957642,1.261263132095337,-0.07278940081596375,0.6027738153934479,0.6755632162094116
Angelique,S22,Dig,1F,-0.3475685119628906,0.5529439449310303,0.9005124568939209,-0.1009494811296463,0.4177469313144684,0.5186964124441147
Angelique,S22,Dig,20F/A,-0.048180729150772095,1.2231783866882324,1.2713591158390045,-0.04007735848426819,0.5302393138408661,0.5703166723251343
Angelique,S22,Dig,20F/S,0.9346537590026855,1.8289096355438232,0.8942558765411377,0.11474017798900604,0.6121703237295151,0.49743014574050903
Angelique,S22,NumWoGE,1F,-0.2803881764411926,0.7021161913871765,0.9825043678283691,-0.08137750625610352,0.46536487340927124,0.5467423796653748
Angelique,S22,NumWoGE,20F/A,-0.7181912660598755,0.5839537978172302,1.3021450638771057,-0.17537832260131836,0.5526273548603058,0.7280056774616241
Angelique,S22,NumWoGE,20F/S,0.1568475365638733,1.3344500064849854,1.177602469921112,0.025231584906578064,0.516962081193924,0.4917304962873459
Angelique,S23,Dig,1F,1.1693613529205322,2.0616273283958435,0.8922659754753113,0.08384281396865845,0.4538370817899704,0.36999426782131195
Angelique,S23,Dig,20F/A,0.01988968253135681,1.0943726897239685,1.0744830071926117,-0.03403538465499878,0.3632473945617676,0.39728277921676636
Angelique,S23,Dig,20F/S,0.13517838716506958,1.118181735277176,0.9830033481121063,0.010532423853874207,0.40805450081825256,0.39752207696437836
Angelique,S23,NumWoGE,1F,-0.19180068373680115,1.0941204726696014,1.2859211564064026,-0.012549832463264465,0.41245971620082855,0.425009548664093
Angelique,S23,NumWoGE,20F/A,0.645206093788147,1.7968766689300537,1.1516705751419067,0.06727680563926697,0.4614906311035156,0.39421382546424866
Angelique,S23,NumWoGE,20F/S,-0.6725785136222839,1.228534460067749,1.901112973690033,-0.04662539064884186,0.374917209148407,0.42154259979724884
Angelique,S24,Dig,1F,0.371975302696228,1.3226640820503235,0.9506887793540955,0.058444708585739136,0.762494295835495,0.7040495872497559
Angelique,S24,Dig,20F/A,0.5452308654785156,1.1198121905326843,0.5745813250541687,0.09485331177711487,0.7650420963764191,0.6701887845993042
Angelique,S24,Dig,20F/S,-0.7030817568302155,0.6311662793159485,1.334248036146164,-0.033622920513153076,0.8610312342643738,0.8946541547775269
Angelique,S24,NumWoGE,1F,-0.2882233262062073,1.5704102516174316,1.858633577823639,-0.03217196464538574,0.7209194004535675,0.7530913650989532
Angelique,S24,NumWoGE,20F/A,-0.00038293004035949707,0.9349084198474884,0.9352913498878479,0.156744584441185,0.6618252992630005,0.5050807148218155
Angelique,S24,NumWoGE,20F/S,-0.12140282988548279,1.314726710319519,1.4361295402050018,0.027754932641983032,0.7658313512802124,0.7380764186382294
Angelique,S25,Dig,1F,-0.09114080667495728,0.9504579305648804,1.0415987372398376,-0.017291933298110962,0.6071966886520386,0.6244886219501495
Angelique,S25,Dig,20F/A,-0.04567444324493408,0.8947336375713348,0.9404080808162689,-0.07709959149360657,0.5302370190620422,0.6073366105556488
Angelique,S25,Dig,20F/S,-0.22351616621017456,0.9728005528450012,1.1963167190551758,-0.07706218957901001,0.5486347377300262,0.6256969273090363
Angelique,S25,NumWoGE,1F,0.03586563467979431,0.702916145324707,0.6670505106449127,-0.022617071866989136,0.47912295162677765,0.5017400234937668
Angelique,S25,NumWoGE,20F/A,0.052525460720062256,0.9044283330440521,0.8519028723239899,0.02007289230823517,0.5303354561328888,0.5102625638246536
Angelique,S25,NumWoGE,20F/S,0.40219178795814514,1.3001813888549805,0.8979896008968353,-0.018508702516555786,0.5237098932266235,0.5422185957431793
Angelique,S26,Dig,1F,0.4604794681072235,1.4688273072242737,1.0083478391170502,0.04941423237323761,0.5763826072216034,0.5269683748483658
Angelique,S26,Dig,20F/A,0.019591420888900757,1.068371295928955,1.0487798750400543,0.12869155406951904,0.5743420720100403,0.44565051794052124
Angelique,S26,Dig,20F/S,-0.5275071263313293,1.278611570596695,1.8061186969280243,-0.08608682453632355,0.5213246643543243,0.6074114888906479
Angelique,S26,NumWoGE,1F,0.38787585496902466,1.5750975608825684,1.1872217059135437,0.015187233686447144,0.5267014652490616,0.5115142315626144
Angelique,S26,NumWoGE,20F/A,-0.6660773456096649,0.6875705420970917,1.3536478877067566,0.010049283504486084,0.45835497975349426,0.4483056962490082
Angelique,S26,NumWoGE,20F/S,-0.30334657430648804,0.8644441962242126,1.1677907705307007,-0.09203961491584778,0.3961254358291626,0.4881650507450104
Angelique,S27,Dig,1F,-0.07002565264701843,1.029657393693924,1.0996830463409424,0.009987086057662964,0.6291457414627075,0.6191586554050446
Angelique,S27,Dig,20F/A,-0.35279834270477295,0.825587123632431,1.178385466337204,0.18773293495178223,0.7418764531612396,0.5541435182094574
Angelique,S27,Dig,20F/S,0.14212867617607117,0.988297313451767,0.8461686372756958,-0.0034750401973724365,0.6002728044986725,0.6037478446960449
Angelique,S27,NumWoGE,1F,0.4481993615627289,2.1523899137973785,1.7041905522346497,0.0861382782459259,0.7962587177753448,0.710120439529419
Angelique,S27,NumWoGE,20F/A,-0.044607728719711304,0.8508438467979431,0.8954515755176544,0.05720439553260803,0.7314345836639404,0.6742301881313324
Angelique,S27,NumWoGE,20F/S,-0.11710220575332642,1.0402138531208038,1.1573160588741302,0.006888359785079956,0.7123739123344421,0.7054855525493622
Angelique,S28,Dig,1F,-0.17882013320922852,1.2118725776672363,1.3906927108764648,0.036571234464645386,0.5051766186952591,0.4686053842306137
Angelique,S28,Dig,20F/A,0.2435297667980194,1.2585185766220093,1.0149888098239899,0.06274577975273132,0.5175972431898117,0.4548514634370804
Angelique,S28,Dig,20F/S,-0.32891836762428284,0.9342395961284637,1.2631579637527466,0.02267254889011383,0.47036659717559814,0.4476940482854843
Angelique,S28,NumWoGE,1F,-1.0128313899040222,1.4872317910194397,2.500063180923462,-0.13360746204853058,0.4349016100168228,0.5685090720653534
Angelique,S28,NumWoGE,20F/A,-0.1440952718257904,1.3025315403938293,1.4466268122196198,0.008474141359329224,0.5105619132518768,0.5020877718925476
Angelique,S28,NumWoGE,20F/S,-0.10385537147521973,1.1603611707687378,1.2642165422439575,-0.02722063660621643,0.4548126608133316,0.48203329741954803
Angelique,S29,Dig,1F,0.08958488702774048,1.196880042552948,1.1072951555252075,0.043404340744018555,0.8994556963443756,0.8560513556003571
Angelique,S29,Dig,20F/A,0.10783717036247253,0.7690520882606506,0.6612149178981781,0.059344083070755005,0.8085620701313019,0.7492179870605469
Angelique,S29,Dig,20F/S,0.35497331619262695,1.2434535324573517,0.8884802162647247,-0.07116255164146423,0.6412268280982971,0.7123893797397614
Angelique,S29,NumWoGE,1F,-1.5990318953990936,1.3087767660617828,2.9078086614608765,-0.09092536568641663,0.8237437009811401,0.9146690666675568
Angelique,S29,NumWoGE,20F/A,-0.5177540481090546,0.9615062475204468,1.4792602956295013,-0.186143696308136,0.7665686011314392,0.9527122974395752
Angelique,S29,NumWoGE,20F/S,-0.2985689640045166,0.8678894340991974,1.166458398103714,-0.03103053569793701,0.7786871790885925,0.8097177147865295
Angelique,S31,Dig,1F,0.7368778884410858,1.7846145629882812,1.0477366745471954,0.09066225588321686,0.4783930033445358,0.38773074746131897
Angelique,S31,Dig,20F/A,1.2069881558418274,2.0040420293807983,0.797053873538971,0.07570387423038483,0.419980525970459,0.34427665174007416
Angelique,S31,Dig,20F/S,0.4334550052881241,0.9719791263341904,0.5385241210460663,0.01250198483467102,0.3412310779094696,0.3287290930747986
Angelique,S31,NumWoGE,1F,-0.5011967122554779,0.9383577406406403,1.4395544528961182,-0.010241448879241943,0.3838963955640793,0.39413784444332123
Angelique,S31,NumWoGE,20F/A,-0.617313951253891,0.8703422248363495,1.4876561760902405,-0.04485698044300079,0.3443682789802551,0.3892252594232559
Angelique,S31,NumWoGE,20F/S,0.12438002228736877,1.2717497944831848,1.147369772195816,-0.03317134082317352,0.37789036333560944,0.41106170415878296
Angelique,S32,Dig,1F,-0.32246431708335876,0.6921229660511017,1.0145872831344604,-0.004967033863067627,0.599012941122055,0.6039799749851227
Angelique,S32,Dig,20F/A,0.6639437973499298,1.4789496064186096,0.8150058090686798,0.13341712951660156,0.6224234402179718,0.48900631070137024
Angelique,S32,Dig,20F/S,0.07231485843658447,1.4241962432861328,1.3518813848495483,0.044571518898010254,0.6337889432907104,0.5892174243927002
Angelique,S32,NumWoGE,1F,-1.296353042125702,0.6393447518348694,1.9356977939605713,-0.060777753591537476,0.6704304814338684,0.7312082350254059
Angelique,S32,NumWoGE,20F/A,0.028528869152069092,0.9087434411048889,0.8802145719528198,0.025461018085479736,0.619826465845108,0.5943654477596283
Angelique,S32,NumWoGE,20F/S,0.23666468262672424,1.6357708871364594,1.399106204509735,0.16947036981582642,0.7601024508476257,0.5906320810317993
Angelique,S33,Dig,1F,-0.3623584508895874,1.4937162399291992,1.8560746908187866,-0.06747528910636902,0.5137123018503189,0.5811875909566879
Angelique,S33,Dig,20F/A,0.9227800369262695,1.6222102642059326,0.6994302272796631,-0.06573398411273956,0.4977297931909561,0.5634637773036957
Angelique,S33,Dig,20F/S,0.08866780996322632,0.8925970792770386,0.8039292693138123,0.0648990124464035,0.5525910258293152,0.4876920133829117
Angelique,S33,NumWoGE,1F,0.22875922918319702,1.9186621308326721,1.689902901649475,0.05890172719955444,0.6445271074771881,0.5856253802776337
Angelique,S33,NumWoGE,20F/A,0.4334958642721176,1.0211737751960754,0.5876779109239578,0.023484572768211365,0.44755886495113373,0.42407429218292236
Angelique,S33,NumWoGE,20F/S,-1.631032407283783,0.9819778800010681,2.613010287284851,-0.08101078867912292,0.47466108202934265,0.5556718707084656
Angelique,S34,Dig,1F,-0.7418124973773956,1.0713184177875519,1.8131309151649475,-0.10952368378639221,0.5461554527282715,0.6556791365146637
Angelique,S34,Dig,20F/A,0.6100602746009827,2.4466432929039,1.8365830183029175,0.0901995301246643,0.6321187913417816,0.5419192612171173
Angelique,S34,Dig,20F/S,0.9607995748519897,2.3106367588043213,1.3498371839523315,0.004144251346588135,0.5946603417396545,0.5905160903930664
Angelique,S34,NumWoGE,1F,0.5677744746208191,1.4523504376411438,0.8845759630203247,-0.02017351984977722,0.5415116846561432,0.5616852045059204
Angelique,S34,NumWoGE,20F/A,-0.5428273677825928,0.7504008114337921,1.2932281792163849,-0.07141600549221039,0.45753322541713715,0.5289492309093475
Angelique,S34,NumWoGE,20F/S,-0.13616341352462769,1.1872218251228333,1.323385238647461,-0.02400718629360199,0.5321430265903473,0.5561502128839493
Angelique,S35,Dig,1F,0.6542802900075912,1.268089920282364,0.6138096302747726,0.08024930953979492,0.7369669079780579,0.6567175984382629
Angelique,S35,Dig,20F/A,0.4903140068054199,1.4913672804832458,1.001053273677826,0.06623378396034241,0.7881530523300171,0.7219192683696747
Angelique,S35,Dig,20F/S,0.7946310639381409,1.4460394978523254,0.6514084339141846,0.32145319879055023,0.8040383458137512,0.482585147023201
Angelique,S35,NumWoGE,1F,-1.0373031795024872,0.5915781557559967,1.6288813352584839,-0.18281227350234985,0.48595765233039856,0.6687699258327484
Angelique,S35,NumWoGE,20F/A,0.4541012942790985,1.2903027534484863,0.8362014591693878,0.12036840617656708,0.6529811769723892,0.5326127707958221
Angelique,S35,NumWoGE,20F/S,0.948093444108963,2.101532816886902,1.1534393727779388,0.01824808120727539,0.7255242466926575,0.7072761654853821
Angelique,S37,Dig,1F,0.30664725601673126,1.1073354482650757,0.8006881922483444,0.2621784508228302,0.9810248613357544,0.7188464105129242
Angelique,S37,Dig,20F/A,-0.33745554089546204,0.7396051585674286,1.0770606994628906,-0.12240666151046753,0.782165139913559,0.9045718014240265
Angelique,S37,Dig,20F/S,0.3361515700817108,1.0336156785488129,0.697464108467102,-0.0037588179111480713,0.9081695973873138,0.9119284152984619
Angelique,S37,NumWoGE,1F,-0.4007077217102051,1.102838933467865,1.50354665517807,-0.03191983699798584,0.9773932099342346,1.0093130469322205
Angelique,S37,NumWoGE,20F/A,-0.1343393325805664,0.9149957299232483,1.0493350625038147,0.05342906713485718,0.9130493402481079,0.8596202731132507
Angelique,S37,NumWoGE,20F/S,0.1981925368309021,1.5465718507766724,1.3483793139457703,-0.1775156557559967,0.8290101885795593,1.006525844335556
Angelique,S38,Dig,1F,1.0615295767784119,2.2255991101264954,1.1640695333480835,0.09855267405509949,0.9380061030387878,0.8394534289836884
Angelique,S38,Dig,20F/A,-0.5049142837524414,0.7543563842773438,1.2592706680297852,-0.020239323377609253,0.6431789100170135,0.6634182333946228
Angelique,S38,Dig,20F/S,0.2161199152469635,1.457858145236969,1.2417382299900055,0.007071077823638916,0.7537322342395782,0.7466611564159393
Angelique,S38,NumWoGE,1F,-0.007669955492019653,1.5654089748859406,1.5730789303779602,-0.10300162434577942,0.7678331136703491,0.8708347380161285
Angelique,S38,NumWoGE,20F/A,0.2714214026927948,1.5308447778224945,1.2594233751296997,-0.000518798828125,0.7377975583076477,0.7383163571357727
Angelique,S38,NumWoGE,20F/S,-0.20138823986053467,1.0946954488754272,1.296083688735962,0.053301215171813965,0.7500340342521667,0.6967328190803528
Talia,S01,Dig,10F/M,-0.2737736105918883,0.8414372404416403,1.1152108510335286,-0.1452806989351909,0.7396223346392313,0.8849030335744222
Talia,S01,Dig,10F/S,0.12283025185267127,0.9360834757486979,0.8132532238960266,-0.004935503005981445,0.83827805519104,0.8432135581970215
Talia,S01,Dig,1F,0.6516633232434591,1.3848673502604167,0.7332040270169576,0.16194039583206177,0.847931702931722,0.6859913070996603
Talia,S01,Dig,20F/HD,-0.2732150355974833,0.9141013820966085,1.1873164176940918,-0.01030421257019043,0.7708177367846171,0.7811219493548075
Talia,S02,Dig,10F/M,0.09127867221832275,0.9358002344767252,0.8445215622584025,0.08353052536646527,0.5114715695381165,0.4279410441716512
Talia,S02,Dig,10F/S,0.7093290090560913,1.728502631187439,1.0191736221313477,0.1141143639882406,0.5637021859486898,0.4495878219604492
Talia,S02,Dig,1F,0.42817507187525417,1.6728440125783284,1.2446689407030742,0.005401502052942875,0.5466917753219604,0.5412902732690176
Talia,S02,Dig,20F/HD,0.459033747514089,1.3516890207926433,0.8926552732785543,0.04613363742828369,0.5110209882259369,0.4648873507976532
Talia,S03,Dig,10F/M,0.2805108428001404,1.3312668999036152,1.0507560571034749,-0.1216419637203216,0.44581804672876996,0.5674600104490916
Talia,S03,Dig,10F/S,0.4596343239148457,1.5963236888249714,1.1366893649101257,0.029583026965459225,0.4380570153395335,0.4084739883740743
Talia,S03,Dig,1F,-0.33660332361857104,0.8499940633773804,1.1865973869959514,0.06452061732610065,0.5335753361384074,0.4690547188123067
Talia,S03,Dig,20F/HD,-0.6020509998003641,0.8884334365526835,1.4904844363530476,-0.160899559656779,0.4224509398142497,0.5833504994710287
Talia,S04,Dig,10F/M,-0.27263365189234423,1.209913392861684,1.4825470447540283,-0.029265989859898867,0.4606543183326721,0.489920308192571
Talia,S04,Dig,10F/S,-0.5721083084742229,1.5452964703241985,2.1174047787984214,-0.039007097482681274,0.5185197989145914,0.5575268963972727
Talia,S04,Dig,1F,0.7955474058787027,1.8965187867482503,1.1009713808695476,0.03514457742373156,0.5712111492951711,0.5360665718714396
Talia,S04,Dig,20F/HD,-0.5543287793795266,1.1364846030871074,1.690813382466634,0.03473218282063806,0.5471435785293579,0.5124113957087199
Talia,S05,Dig,10F/M,-0.5771878361701966,0.9168891112009684,1.494076947371165,-0.11211929718653363,0.479439119497935,0.5915584166844686
Talia,S05,Dig,10F/S,0.25610530376434326,0.8612090349197388,0.6051037311553955,-0.1637444992860158,0.4560619493325551,0.6198064486185709
Talia,S05,Dig,1F,0.20977270603179932,1.215168555577596,1.0053958495457966,-0.16543474793434143,0.5327247083187103,0.6981594562530518
Talia,S05,Dig,20F/HD,0.876107891400655,2.081426739692688,1.205318848292033,0.0944286584854126,0.6217569510142008,0.5273282925287882
Talia,S06,Dig,10F/M,-0.1081238786379497,0.99784916639328,1.1059730450312297,-0.027217249075571714,0.4986448685328166,0.5258621176083883
Talia,S06,Dig,10F/S,-0.51230255762736,0.8993061383565267,1.4116086959838867,-0.06298356254895532,0.46296027302742004,0.5259438355763754
Talia,S06,Dig,1F,-0.832813064257304,1.1061286926269531,1.938941756884257,-0.057057678699493464,0.4777604540189107,0.5348181327184042
Talia,S06,Dig,20F/HD,-0.0026508569717407227,1.4414478937784831,1.4440987507502239,-0.02747521797815955,0.5544063448905945,0.581881562868754
Talia,S07,Dig,10F/M,0.40572333335876465,1.5130379398663838,1.1073146065076191,0.07444748282432556,0.623115619023641,0.5486681361993154
Talia,S07,Dig,10F/S,0.5191835363705953,1.5060709714889526,0.9868874351183573,0.03104604283968615,0.6018672784169515,0.5708212355772654
Talia,S07,Dig,1F,1.3450029293696084,2.138511300086975,0.7935083707173666,0.10427924990653992,0.608144203821818,0.5038649539152781
Talia,S07,Dig,20F/HD,0.3434436321258545,1.5104605356852214,1.167016903559367,0.08856358130772912,0.6622206171353658,0.5736570358276367
Talia,S08,Dig,10F/M,0.5702900091807048,1.3498043815294902,0.7795143723487854,-0.023438096046447754,0.6355053583780924,0.6589434544245402
Talia,S08,Dig,10F/S,-0.22174593806266774,0.8092730244000753,1.031018962462743,0.17065708835919702,0.9090299805005392,0.7383728921413422
Talia,S08,Dig,1F,1.1001570920149486,2.2207269271214805,1.1205698351065319,0.07083839178085327,0.8034229278564453,0.732584536075592
Talia,S08,Dig,20F/HD,-0.6930402219295501,0.7906035681565603,1.4836437900861104,-0.19382254282633465,0.4734507004419963,0.6672732432683309
Talia,S09,Dig,10F/M,0.908360799153646,2.678520758946737,1.7701599597930908,0.141561766465505,0.7273054917653402,0.5857437252998352
Talia,S09,Dig,10F/S,0.8543028831481932,1.7719518740971882,0.917648990948995,0.18350881338119507,0.8171398838361105,0.6336310704549154
Talia,S09,Dig,1F,-0.35416368643442786,0.9734754959742228,1.3276391824086506,0.06031845013300574,0.7068123618761698,0.6464939117431641
Talia,S09,Dig,20F/HD,1.1025175650914512,1.9304593801498413,0.8279418150583903,0.26959904034932447,0.7788263360659281,0.5092272957166036
Talia,S10,Dig,10F/M,-0.12564128637313843,0.8641702731450399,0.9898115595181783,-0.0461043119430542,0.5517842173576355,0.5978885293006897
Talia,S10,Dig,10F/S,0.11196706692377734,1.2976292967796326,1.1856622298558552,0.01957039038340258,0.7044068773587545,0.6848364869753519
Talia,S10,Dig,1F,-0.21356338262557983,1.2334859371185303,1.44704931974411,0.09881218274434411,0.6678545673688253,0.5690423846244812
Talia,S10,Dig,20F/HD,0.4358609616756439,1.4567517240842183,1.0208907624085743,-0.0010926326115925367,0.5983519156773885,0.5994445482889811
Talia,S11,Dig,10F/M,-0.12064721186955762,0.9671795964241028,1.0878268082936604,0.07603396972020471,0.8562215566635132,0.7801875869433085
Talia,S11,Dig,10F/S,0.264593521753947,1.1354507605234783,0.8708572387695312,-0.07749611139297485,0.7811731894810995,0.8586693008740743
Talia,S11,Dig,1F,0.27238667011260986,1.4640385111172993,1.1916518410046895,-0.0412882765134176,0.746931254863739,0.7882195313771566
Talia,S11,Dig,20F/HD,-0.1263830065727234,1.3200063904126484,1.4463893969853718,0.08850439389546716,0.8569085597991943,0.7684041659037272
Talia,S12,Dig,10F/M,-0.054107586542765373,1.2285621960957844,1.2826697826385498,0.019823670387268066,0.6190204421679179,0.5991967717806498
Talia,S12,Dig,10F/S,0.7290665904680889,1.9633636871973674,1.2342970967292786,0.11271450916926073,0.7400527199109396,0.6273382107416788
Talia,S12,Dig,1F,-0.8069831132888792,1.3069832722345989,2.113966385523478,-0.21144318580627441,0.5830511649449667,0.7944943507512411
Talia,S12,Dig,20F/HD,-0.5512561798095704,0.9821796814600626,1.533435861269633,0.031203269958496094,0.6757731636365255,0.6445698936780294
Talia,S13,Dig,10F/M,0.21562067667643225,1.1015855272610982,0.8859648505846659,-0.02662646770477295,0.7887117266654968,0.8153381943702698
Talia,S13,Dig,10F/S,-0.22410404682159424,0.9708352088928223,1.1949392557144165,-0.09084167083104455,0.8234398166338602,0.9142814874649048
Talia,S13,Dig,1F,-0.26402290662129735,1.290664513905843,1.5546874205271404,0.1412801742553712,1.097171465555827,0.9558912913004557
Talia,S13,Dig,20F/HD,0.11181787649790431,1.589139421780904,1.4773215452829997,0.07580415407816565,0.9556470910708109,0.8798429369926453
Talia,S14,Dig,10F/M,-0.34090954065322876,1.050103485584259,1.3910130262374878,-0.1334613859653473,0.5459913710753123,0.6794527570406595
Talia,S14,Dig,10F/S,-0.06723618507385243,0.942610522111257,1.0098467071851094,-0.06176881988843286,0.548755019903183,0.6105238397916158
Talia,S14,Dig,1F,-0.7735912005106609,1.0094720125198364,1.7830632130304973,0.010711610317230225,0.607680082321167,0.5969684720039368
Talia,S14,Dig,20F/HD,0.6790030797322593,2.208064874013265,1.5290617942810059,0.09591597318649292,0.7835894227027893,0.6876734495162964
Talia,S15,Dig,10F/M,0.024296383062998528,1.1032143235206604,1.0789179404576619,-0.04871867100397742,0.6166473627090454,0.6653660337130228
Talia,S15,Dig,10F/S,-0.47350104649861646,0.9028654098510742,1.3763664563496907,-0.008411586284637451,0.6766414642333984,0.6850530505180359
Talia,S15,Dig,1F,0.10969996452331543,1.2105218768119812,1.1008219122886658,-0.025860528151194218,0.6389350891113281,0.6647956172625223
Talia,S15,Dig,20F/HD,0.1999270717302959,1.3168670535087585,1.1169399817784627,0.030257602532704708,0.6624664862950643,0.6322088837623596
