dataset,subject,modality,font,n_seq,purity_kmeans,feature,level
Angelique,S02,Dig,1F,4,0.5,SNR_occ,font
Angelique,S02,Dig,20F/A,4,0.5,SNR_occ,font
Angelique,S02,Dig,20F/S,4,0.5,SNR_occ,font
Angelique,S02,NumWoGE,1F,4,1.0,SNR_occ,font
Angelique,S02,NumWoGE,20F/A,4,1.0,SNR_occ,font
Angelique,S02,NumWoGE,20F/S,4,1.0,SNR_occ,font
Angelique,S03,Dig,1F,4,0.5,SNR_occ,font
Angelique,S03,Dig,20F/A,4,0.5,SNR_occ,font
Angelique,S03,Dig,20F/S,4,1.0,SNR_occ,font
Angelique,S03,NumWoGE,1F,4,0.5,SNR_occ,font
Angelique,S03,NumWoGE,20F/A,4,0.75,SNR_occ,font
Angelique,S03,NumWoGE,20F/S,4,0.5,SNR_occ,font
Angelique,S04,Dig,1F,4,0.75,SNR_occ,font
Angelique,S04,Dig,20F/A,4,0.5,SNR_occ,font
Angelique,S04,Dig,20F/S,4,0.75,SNR_occ,font
Angelique,S04,NumWoGE,1F,4,1.0,SNR_occ,font
Angelique,S04,NumWoGE,20F/A,4,1.0,SNR_occ,font
Angelique,S04,NumWoGE,20F/S,4,0.5,SNR_occ,font
Angelique,S05,Dig,1F,4,0.5,SNR_occ,font
Angelique,S05,Dig,20F/A,4,0.75,SNR_occ,font
Angelique,S05,Dig,20F/S,4,1.0,SNR_occ,font
Angelique,S05,NumWoGE,1F,4,0.75,SNR_occ,font
Angelique,S05,NumWoGE,20F/A,4,0.75,SNR_occ,font
Angelique,S05,NumWoGE,20F/S,4,0.75,SNR_occ,font
Angelique,S07,Dig,1F,4,0.75,SNR_occ,font
Angelique,S07,Dig,20F/A,4,0.75,SNR_occ,font
Angelique,S07,Dig,20F/S,4,0.5,SNR_occ,font
Angelique,S07,NumWoGE,1F,4,1.0,SNR_occ,font
Angelique,S07,NumWoGE,20F/A,4,0.75,SNR_occ,font
Angelique,S07,NumWoGE,20F/S,4,0.75,SNR_occ,font
Angelique,S08,Dig,1F,4,0.75,SNR_occ,font
Angelique,S08,Dig,20F/A,4,0.75,SNR_occ,font
Angelique,S08,Dig,20F/S,4,0.75,SNR_occ,font
Angelique,S08,NumWoGE,1F,4,0.75,SNR_occ,font
Angelique,S08,NumWoGE,20F/A,4,0.5,SNR_occ,font
Angelique,S08,NumWoGE,20F/S,4,0.75,SNR_occ,font
Angelique,S09,Dig,1F,4,0.75,SNR_occ,font
Angelique,S09,Dig,20F/A,4,1.0,SNR_occ,font
Angelique,S09,Dig,20F/S,4,0.5,SNR_occ,font
Angelique,S09,NumWoGE,1F,4,0.75,SNR_occ,font
Angelique,S09,NumWoGE,20F/A,4,0.75,SNR_occ,font
Angelique,S09,NumWoGE,20F/S,4,0.5,SNR_occ,font
Angelique,S10,Dig,1F,4,0.5,SNR_occ,font
Angelique,S10,Dig,20F/A,4,0.5,SNR_occ,font
Angelique,S10,Dig,20F/S,4,0.75,SNR_occ,font
Angelique,S10,NumWoGE,1F,4,0.75,SNR_occ,font
Angelique,S10,NumWoGE,20F/A,4,0.75,SNR_occ,font
Angelique,S10,NumWoGE,20F/S,4,1.0,SNR_occ,font
Angelique,S11,Dig,1F,4,0.75,SNR_occ,font
Angelique,S11,Dig,20F/A,4,0.75,SNR_occ,font
Angelique,S11,Dig,20F/S,4,0.75,SNR_occ,font
Angelique,S11,NumWoGE,1F,4,1.0,SNR_occ,font
Angelique,S11,NumWoGE,20F/A,4,0.75,SNR_occ,font
Angelique,S11,NumWoGE,20F/S,4,0.5,SNR_occ,font
Angelique,S13,Dig,1F,4,0.75,SNR_occ,font
Angelique,S13,Dig,20F/A,4,0.75,SNR_occ,font
Angelique,S13,Dig,20F/S,4,0.75,SNR_occ,font
Angelique,S13,NumWoGE,1F,4,1.0,SNR_occ,font
Angelique,S13,NumWoGE,20F/A,4,0.75,SNR_occ,font
Angelique,S13,NumWoGE,20F/S,4,0.75,SNR_occ,font
Angelique,S15,Dig,1F,4,0.75,SNR_occ,font
Angelique,S15,Dig,20F/A,4,0.75,SNR_occ,font
Angelique,S15,Dig,20F/S,4,0.75,SNR_occ,font
Angelique,S15,NumWoGE,1F,4,1.0,SNR_occ,font
Angelique,S15,NumWoGE,20F/A,4,0.75,SNR_occ,font
Angelique,S15,NumWoGE,20F/S,4,0.75,SNR_occ,font
Angelique,S16,Dig,1F,4,0.75,SNR_occ,font
Angelique,S16,Dig,20F/A,4,0.75,SNR_occ,font
Angelique,S16,NumWoGE,1F,4,0.75,SNR_occ,font
Angelique,S16,NumWoGE,20F/A,4,1.0,SNR_occ,font
Angelique,S16,NumWoGE,20F/S,4,0.75,SNR_occ,font
Angelique,S18,Dig,1F,4,0.75,SNR_occ,font
Angelique,S18,Dig,20F/A,4,0.75,SNR_occ,font
Angelique,S18,Dig,20F/S,4,0.75,SNR_occ,font
Angelique,S18,NumWoGE,1F,4,0.75,SNR_occ,font
Angelique,S18,NumWoGE,20F/A,4,0.75,SNR_occ,font
Angelique,S18,NumWoGE,20F/S,4,0.75,SNR_occ,font
Angelique,S19,Dig,1F,4,0.75,SNR_occ,font
Angelique,S19,Dig,20F/A,4,0.75,SNR_occ,font
Angelique,S19,Dig,20F/S,4,0.75,SNR_occ,font
Angelique,S19,NumWoGE,1F,4,0.5,SNR_occ,font
Angelique,S19,NumWoGE,20F/A,4,0.75,SNR_occ,font
Angelique,S19,NumWoGE,20F/S,4,0.75,SNR_occ,font
Angelique,S21,Dig,1F,4,0.75,SNR_occ,font
Angelique,S21,Dig,20F/A,4,0.75,SNR_occ,font
Angelique,S21,Dig,20F/S,4,0.75,SNR_occ,font
Angelique,S21,NumWoGE,1F,4,0.75,SNR_occ,font
Angelique,S21,NumWoGE,20F/A,4,0.75,SNR_occ,font
Angelique,S21,NumWoGE,20F/S,4,0.75,SNR_occ,font
Angelique,S22,Dig,1F,4,0.75,SNR_occ,font
Angelique,S22,Dig,20F/A,4,0.75,SNR_occ,font
Angelique,S22,Dig,20F/S,4,0.75,SNR_occ,font
Angelique,S22,NumWoGE,1F,4,0.75,SNR_occ,font
Angelique,S22,NumWoGE,20F/A,4,1.0,SNR_occ,font
Angelique,S22,NumWoGE,20F/S,4,0.5,SNR_occ,font
Angelique,S23,Dig,1F,4,1.0,SNR_occ,font
Angelique,S23,Dig,20F/A,4,1.0,SNR_occ,font
Angelique,S23,Dig,20F/S,4,0.75,SNR_occ,font
Angelique,S23,NumWoGE,1F,4,0.75,SNR_occ,font
Angelique,S23,NumWoGE,20F/A,4,0.75,SNR_occ,font
Angelique,S23,NumWoGE,20F/S,4,0.5,SNR_occ,font
Angelique,S24,Dig,1F,4,0.75,SNR_occ,font
Angelique,S24,Dig,20F/A,4,0.75,SNR_occ,font
Angelique,S24,Dig,20F/S,4,0.75,SNR_occ,font
Angelique,S24,NumWoGE,1F,4,0.75,SNR_occ,font
Angelique,S24,NumWoGE,20F/A,4,0.5,SNR_occ,font
Angelique,S24,NumWoGE,20F/S,4,0.5,SNR_occ,font
Angelique,S25,Dig,1F,4,0.75,SNR_occ,font
Angelique,S25,Dig,20F/A,4,0.5,SNR_occ,font
Angelique,S25,Dig,20F/S,4,1.0,SNR_occ,font
Angelique,S25,NumWoGE,1F,4,0.75,SNR_occ,font
Angelique,S25,NumWoGE,20F/A,4,0.5,SNR_occ,font
Angelique,S25,NumWoGE,20F/S,4,0.5,SNR_occ,font
Angelique,S26,Dig,1F,4,0.5,SNR_occ,font
Angelique,S26,Dig,20F/A,4,0.75,SNR_occ,font
Angelique,S26,Dig,20F/S,4,0.75,SNR_occ,font
Angelique,S26,NumWoGE,1F,4,0.5,SNR_occ,font
Angelique,S26,NumWoGE,20F/A,4,1.0,SNR_occ,font
Angelique,S26,NumWoGE,20F/S,4,0.75,SNR_occ,font
Angelique,S27,Dig,1F,4,0.75,SNR_occ,font
Angelique,S27,Dig,20F/A,4,0.5,SNR_occ,font
Angelique,S27,Dig,20F/S,4,0.75,SNR_occ,font
Angelique,S27,NumWoGE,1F,4,0.75,SNR_occ,font
Angelique,S27,NumWoGE,20F/A,4,0.75,SNR_occ,font
Angelique,S27,NumWoGE,20F/S,4,0.75,SNR_occ,font
Angelique,S28,Dig,1F,4,0.75,SNR_occ,font
Angelique,S28,Dig,20F/A,4,0.75,SNR_occ,font
Angelique,S28,Dig,20F/S,4,0.75,SNR_occ,font
Angelique,S28,NumWoGE,1F,4,0.75,SNR_occ,font
Angelique,S28,NumWoGE,20F/A,4,0.75,SNR_occ,font
Angelique,S28,NumWoGE,20F/S,4,0.5,SNR_occ,font
Angelique,S29,Dig,1F,4,0.5,SNR_occ,font
Angelique,S29,Dig,20F/A,4,0.5,SNR_occ,font
Angelique,S29,Dig,20F/S,4,0.75,SNR_occ,font
Angelique,S29,NumWoGE,1F,4,1.0,SNR_occ,font
Angelique,S29,NumWoGE,20F/A,4,0.75,SNR_occ,font
Angelique,S29,NumWoGE,20F/S,4,0.5,SNR_occ,font
Angelique,S31,Dig,1F,4,1.0,SNR_occ,font
Angelique,S31,Dig,20F/A,4,0.75,SNR_occ,font
Angelique,S31,Dig,20F/S,4,0.75,SNR_occ,font
Angelique,S31,NumWoGE,1F,4,0.75,SNR_occ,font
Angelique,S31,NumWoGE,20F/A,4,0.75,SNR_occ,font
Angelique,S31,NumWoGE,20F/S,4,0.75,SNR_occ,font
Angelique,S32,Dig,1F,4,0.5,SNR_occ,font
Angelique,S32,Dig,20F/A,4,0.75,SNR_occ,font
Angelique,S32,Dig,20F/S,4,0.75,SNR_occ,font
Angelique,S32,NumWoGE,1F,4,0.75,SNR_occ,font
Angelique,S32,NumWoGE,20F/A,4,0.75,SNR_occ,font
Angelique,S32,NumWoGE,20F/S,4,0.75,SNR_occ,font
Angelique,S33,Dig,1F,4,0.75,SNR_occ,font
Angelique,S33,Dig,20F/A,4,1.0,SNR_occ,font
Angelique,S33,Dig,20F/S,4,0.5,SNR_occ,font
Angelique,S33,NumWoGE,1F,4,0.5,SNR_occ,font
Angelique,S33,NumWoGE,20F/A,4,1.0,SNR_occ,font
Angelique,S33,NumWoGE,20F/S,4,1.0,SNR_occ,font
Angelique,S34,Dig,1F,4,0.75,SNR_occ,font
Angelique,S34,Dig,20F/A,4,1.0,SNR_occ,font
Angelique,S34,Dig,20F/S,4,0.5,SNR_occ,font
Angelique,S34,NumWoGE,1F,4,0.5,SNR_occ,font
Angelique,S34,NumWoGE,20F/A,4,0.75,SNR_occ,font
Angelique,S34,NumWoGE,20F/S,4,0.75,SNR_occ,font
Angelique,S35,Dig,1F,4,0.75,SNR_occ,font
Angelique,S35,Dig,20F/A,4,0.75,SNR_occ,font
Angelique,S35,Dig,20F/S,4,0.75,SNR_occ,font
Angelique,S35,NumWoGE,1F,4,0.75,SNR_occ,font
Angelique,S35,NumWoGE,20F/A,4,0.75,SNR_occ,font
Angelique,S35,NumWoGE,20F/S,4,0.5,SNR_occ,font
Angelique,S37,Dig,1F,4,0.5,SNR_occ,font
Angelique,S37,Dig,20F/A,4,0.75,SNR_occ,font
Angelique,S37,Dig,20F/S,4,0.75,SNR_occ,font
Angelique,S37,NumWoGE,1F,4,0.75,SNR_occ,font
Angelique,S37,NumWoGE,20F/A,4,0.5,SNR_occ,font
Angelique,S37,NumWoGE,20F/S,4,0.75,SNR_occ,font
Angelique,S38,Dig,1F,4,0.75,SNR_occ,font
Angelique,S38,Dig,20F/A,4,0.75,SNR_occ,font
Angelique,S38,Dig,20F/S,4,0.5,SNR_occ,font
Angelique,S38,NumWoGE,1F,4,0.5,SNR_occ,font
Angelique,S38,NumWoGE,20F/A,4,0.75,SNR_occ,font
Angelique,S38,NumWoGE,20F/S,4,0.75,SNR_occ,font
Talia,S01,Dig,10F/M,6,0.5,SNR_occ,font
Talia,S01,Dig,10F/S,6,0.5,SNR_occ,font
Talia,S01,Dig,1F,6,0.5,SNR_occ,font
Talia,S01,Dig,20F/HD,6,0.6667,SNR_occ,font
Talia,S02,Dig,10F/M,6,0.6667,SNR_occ,font
Talia,S02,Dig,10F/S,6,0.8333,SNR_occ,font
Talia,S02,Dig,1F,6,0.6667,SNR_occ,font
Talia,S02,Dig,20F/HD,6,0.8333,SNR_occ,font
Talia,S03,Dig,10F/M,6,0.8333,SNR_occ,font
Talia,S03,Dig,10F/S,6,0.6667,SNR_occ,font
Talia,S03,Dig,1F,6,0.6667,SNR_occ,font
Talia,S03,Dig,20F/HD,6,0.8333,SNR_occ,font
Talia,S04,Dig,10F/M,6,0.6667,SNR_occ,font
Talia,S04,Dig,10F/S,6,0.8333,SNR_occ,font
Talia,S04,Dig,1F,6,0.8333,SNR_occ,font
Talia,S04,Dig,20F/HD,6,0.5,SNR_occ,font
Talia,S05,Dig,10F/M,6,0.8333,SNR_occ,font
Talia,S05,Dig,10F/S,6,0.5,SNR_occ,font
Talia,S05,Dig,1F,6,0.6667,SNR_occ,font
Talia,S05,Dig,20F/HD,6,0.6667,SNR_occ,font
Talia,S06,Dig,10F/M,6,0.6667,SNR_occ,font
Talia,S06,Dig,10F/S,6,0.6667,SNR_occ,font
Talia,S06,Dig,1F,6,0.6667,SNR_occ,font
Talia,S06,Dig,20F/HD,6,0.6667,SNR_occ,font
Talia,S07,Dig,10F/M,6,0.5,SNR_occ,font
Talia,S07,Dig,10F/S,6,0.6667,SNR_occ,font
Talia,S07,Dig,1F,6,0.8333,SNR_occ,font
Talia,S07,Dig,20F/HD,6,1.0,SNR_occ,font
Talia,S08,Dig,10F/M,6,0.8333,SNR_occ,font
Talia,S08,Dig,10F/S,6,0.5,SNR_occ,font
Talia,S08,Dig,1F,6,0.6667,SNR_occ,font
Talia,S08,Dig,20F/HD,6,0.8333,SNR_occ,font
Talia,S09,Dig,10F/M,6,0.6667,SNR_occ,font
Talia,S09,Dig,10F/S,6,0.8333,SNR_occ,font
Talia,S09,Dig,1F,6,0.6667,SNR_occ,font
Talia,S09,Dig,20F/HD,6,0.8333,SNR_occ,font
Talia,S10,Dig,10F/M,6,0.6667,SNR_occ,font
Talia,S10,Dig,10F/S,6,0.6667,SNR_occ,font
Talia,S10,Dig,1F,5,1.0,SNR_occ,font
Talia,S10,Dig,20F/HD,6,0.5,SNR_occ,font
Talia,S11,Dig,10F/M,6,0.5,SNR_occ,font
Talia,S11,Dig,10F/S,6,0.6667,SNR_occ,font
Talia,S11,Dig,1F,6,0.5,SNR_occ,font
Talia,S11,Dig,20F/HD,6,0.6667,SNR_occ,font
Talia,S12,Dig,10F/M,6,0.6667,SNR_occ,font
Talia,S12,Dig,10F/S,6,0.8333,SNR_occ,font
Talia,S12,Dig,1F,6,0.6667,SNR_occ,font
Talia,S12,Dig,20F/HD,6,0.5,SNR_occ,font
Talia,S13,Dig,10F/M,6,0.6667,SNR_occ,font
Talia,S13,Dig,10F/S,6,0.8333,SNR_occ,font
Talia,S13,Dig,1F,6,0.6667,SNR_occ,font
Talia,S13,Dig,20F/HD,6,0.8333,SNR_occ,font
Talia,S14,Dig,10F/M,6,1.0,SNR_occ,font
Talia,S14,Dig,10F/S,6,0.5,SNR_occ,font
Talia,S14,Dig,1F,6,0.6667,SNR_occ,font
Talia,S14,Dig,20F/HD,6,1.0,SNR_occ,font
Talia,S15,Dig,10F/M,6,0.5,SNR_occ,font
Talia,S15,Dig,10F/S,6,0.6667,SNR_occ,font
Talia,S15,Dig,1F,6,0.6667,SNR_occ,font
Talia,S15,Dig,20F/HD,6,0.8333,SNR_occ,font
