dataset,subject,measure,stat,z,p,n_assignments,q
Angelique,S02,csp2_diff,0.4169427627335631,-0.5981846204883264,0.5703125,64,0.7883522727272727
Angelique,S03,csp2_diff,1.0577881674324416,0.5962113829842178,0.203125,64,0.703125
Angelique,S04,csp2_diff,0.09240038518149962,-0.5456732049679718,0.6640625,64,0.830078125
Angelique,S05,csp2_diff,3.1475133219167812,0.20075771645744403,0.3828125,64,0.7552083333333334
Angelique,S07,csp2_diff,0.22799512700139068,2.071623148866099,0.0078125,64,0.234375
Angelique,S08,csp2_diff,1.0207898512960547,1.2504910993277605,0.078125,64,0.4296875
Angelique,S09,csp2_diff,0.4115741092326948,-0.12261743176314005,0.5703125,64,0.7883522727272727
Angelique,S10,csp2_diff,1.0245463821791283,0.21086601540856753,0.421875,64,0.7552083333333334
Angelique,S11,csp2_diff,1.9806949876351538,1.313060350812404,0.1015625,64,0.43526785714285715
Angelique,S13,csp2_diff,0.8109768028654276,-0.11442097701482895,0.515625,64,0.7883522727272727
Angelique,S15,csp2_diff,0.8707674476021623,0.17003269086221348,0.328125,64,0.7552083333333334
Angelique,S16,csp2_diff,0.5700719869811088,-0.9218523324788601,0.734375,32,0.8473557692307693
Angelique,S18,csp2_diff,0.3783064887271106,-0.8304138758599962,0.7890625,64,0.8621651785714286
Angelique,S19,csp2_diff,3.8330341531227248,0.7100451254664147,0.2109375,64,0.703125
Angelique,S21,csp2_diff,0.37992345548939177,1.8834360590570378,0.0546875,64,0.4296875
Angelique,S22,csp2_diff,1.6628133823862044,0.613312456429522,0.453125,64,0.7552083333333334
Angelique,S23,csp2_diff,0.26095711446001335,1.689731399669156,0.0859375,64,0.4296875
Angelique,S24,csp2_diff,0.33366738029004317,0.06767367391929545,0.3203125,64,0.7552083333333334
Angelique,S25,csp2_diff,0.2974246758578829,-0.15722666224339338,0.4453125,64,0.7552083333333334
Angelique,S26,csp2_diff,0.3167107034804175,-0.7762980870582764,0.8046875,64,0.8621651785714286
Angelique,S27,csp2_diff,0.9710967913249906,-0.08374179970126301,0.4453125,64,0.7552083333333334
Angelique,S28,csp2_diff,0.45976377698425885,-0.2506725866919354,0.6171875,64,0.8050271739130435
Angelique,S29,csp2_diff,1.248417387606569,-0.7027008987746985,0.7109375,64,0.8473557692307693
Angelique,S31,csp2_diff,0.3725185539841682,0.43856709276797273,0.2734375,64,0.7457386363636364
Angelique,S32,csp2_diff,0.6855603587555947,1.9008761929479419,0.0546875,64,0.4296875
Angelique,S33,csp2_diff,1.298727539345382,-1.042006216352536,0.890625,64,0.8984375
Angelique,S34,csp2_diff,1.1928934929002395,0.3834166818021359,0.2734375,64,0.7457386363636364
Angelique,S35,csp2_diff,0.5376425890408569,1.2151862704006509,0.078125,64,0.4296875
Angelique,S37,csp2_diff,0.14071596266898023,-1.1480160065701632,0.8984375,64,0.8984375
Angelique,S38,csp2_diff,0.1800509843961251,-0.22556491179968596,0.578125,64,0.7883522727272727
Talia,S01,csp2_diff,0.39941695186022397,1.2388615136921002,0.21875,16,0.42613636363636365
Talia,S02,csp2_diff,0.9027095031395955,1.3020586365897644,0.15625,16,0.42613636363636365
Talia,S03,csp2_diff,0.2715425544924841,0.6853581255087134,0.3125,16,0.42613636363636365
Talia,S04,csp2_diff,0.3578173136220473,0.6075484496799154,0.15625,16,0.42613636363636365
Talia,S05,csp2_diff,0.3803031904532137,0.30473304372780186,0.28125,16,0.42613636363636365
Talia,S06,csp2_diff,0.5081057653472136,0.6651094041979806,0.3125,16,0.42613636363636365
Talia,S07,csp2_diff,0.22370357182296985,-0.22543792958504166,0.3125,16,0.42613636363636365
Talia,S08,csp2_diff,0.4001042807947197,0.4421397949116834,0.5625,16,0.703125
Talia,S09,csp2_diff,0.3361876153635128,1.8427625385781665,0.03125,16,0.42613636363636365
Talia,S10,csp2_diff,0.12758356985559516,-0.8601932257974122,0.9375,16,0.96875
Talia,S11,csp2_diff,0.14793289719518476,1.2333762753274649,0.1875,16,0.42613636363636365
Talia,S12,csp2_diff,0.5810465551316017,-0.7068045988355558,0.78125,16,0.9014423076923077
Talia,S13,csp2_diff,0.19759906535977478,-1.9618645021483687,0.96875,16,0.96875
Talia,S14,csp2_diff,0.32899212123694177,1.1555632077358224,0.1875,16,0.42613636363636365
Talia,S15,csp2_diff,0.16510166843200924,0.15544772613836724,0.28125,16,0.42613636363636365
Angelique,S02,csp2_mean,0.9717719382893257,-0.6376177731109964,0.734375,64,0.9793526785714286
Angelique,S03,csp2_mean,2.208858778215907,0.22729564152905257,0.4921875,64,0.9793526785714286
Angelique,S04,csp2_mean,0.26272406028864737,1.852437879455614,0.046875,64,0.9793526785714286
Angelique,S05,csp2_mean,3.837527321983389,0.6447147772258721,0.2890625,64,0.9793526785714286
Angelique,S07,csp2_mean,0.9282172248394716,1.3193387132948506,0.1015625,64,0.9793526785714286
Angelique,S08,csp2_mean,2.1288189657188212,-1.8440084902021256,0.890625,64,0.9793526785714286
Angelique,S09,csp2_mean,5.296201918085536,-1.3273334705707989,0.9140625,64,0.9793526785714286
Angelique,S10,csp2_mean,9.751116030189984,1.5167358588050022,0.0703125,64,0.9793526785714286
Angelique,S11,csp2_mean,18.33368054518443,0.3919396572980802,0.3984375,64,0.9793526785714286
Angelique,S13,csp2_mean,2.721255645653576,-0.7248236077844895,0.6328125,64,0.9793526785714286
Angelique,S15,csp2_mean,2.986822357453141,-0.6859053032306351,0.6484375,64,0.9793526785714286
Angelique,S16,csp2_mean,1.394579146925043,-1.6906274246873814,0.984375,32,0.984375
Angelique,S18,csp2_mean,3.0906315318355695,-0.9233677832867112,0.8359375,64,0.9793526785714286
Angelique,S19,csp2_mean,4.141183360177802,-1.3468640296756076,0.8984375,64,0.9793526785714286
Angelique,S21,csp2_mean,1.1705903841367054,-0.7379331305326831,0.734375,64,0.9793526785714286
Angelique,S22,csp2_mean,2.8082288586919404,0.027092250823512933,0.5546875,64,0.9793526785714286
Angelique,S23,csp2_mean,8.683306817823091,0.3761978838676159,0.4140625,64,0.9793526785714286
Angelique,S24,csp2_mean,7.315069906390196,0.9413264159243909,0.2265625,64,0.9793526785714286
Angelique,S25,csp2_mean,3.0837346526262586,0.004602150180084041,0.609375,64,0.9793526785714286
Angelique,S26,csp2_mean,1.375467123856975,-0.47293314149072974,0.6953125,64,0.9793526785714286
Angelique,S27,csp2_mean,10.673527837696781,0.8347346687776157,0.1953125,64,0.9793526785714286
Angelique,S28,csp2_mean,2.728074783118391,-0.9705717677531484,0.8671875,64,0.9793526785714286
Angelique,S29,csp2_mean,10.75665978282186,-0.38690918385537765,0.6015625,64,0.9793526785714286
Angelique,S31,csp2_mean,1.280942167619905,-0.45365195585291385,0.6484375,64,0.9793526785714286
Angelique,S32,csp2_mean,1.7838826490376576,-1.048827458816994,0.8515625,64,0.9793526785714286
Angelique,S33,csp2_mean,8.531245473981496,-1.076020043811318,0.8671875,64,0.9793526785714286
Angelique,S34,csp2_mean,4.5372669756342905,-1.0942781843789964,0.8515625,64,0.9793526785714286
Angelique,S35,csp2_mean,4.2834668451975055,-1.1288966475641478,0.8046875,64,0.9793526785714286
Angelique,S37,csp2_mean,0.2031092902658287,-1.7100886981663845,0.953125,64,0.984375
Angelique,S38,csp2_mean,1.2244379328687565,0.10005848026840856,0.484375,64,0.9793526785714286
Talia,S01,csp2_mean,1.7601548435887437,1.2587938179810567,0.0625,16,0.46875
Talia,S02,csp2_mean,2.995406720197396,0.37465162812816133,0.28125,16,0.5729166666666666
Talia,S03,csp2_mean,0.8287485705920687,1.908673197624924,0.0625,16,0.46875
Talia,S04,csp2_mean,0.5840431271219586,-0.9743207356389445,0.84375,16,0.84375
Talia,S05,csp2_mean,2.2011466691908126,0.8856091402961441,0.21875,16,0.5729166666666666
Talia,S06,csp2_mean,2.425414085023551,-0.26405804083328505,0.5625,16,0.7421875
Talia,S07,csp2_mean,2.3899166054172163,0.2132137642797658,0.46875,16,0.703125
Talia,S08,csp2_mean,4.922580283545637,1.0796759249152874,0.15625,16,0.5729166666666666
Talia,S09,csp2_mean,1.1049026920128604,0.1681984247423026,0.59375,16,0.7421875
Talia,S10,csp2_mean,0.5640999987152977,0.6947568733521147,0.3125,16,0.5729166666666666
Talia,S11,csp2_mean,0.8533929694481479,-0.4621595641266935,0.8125,16,0.84375
Talia,S12,csp2_mean,26.939285248519894,1.2802362094641346,0.15625,16,0.5729166666666666
Talia,S13,csp2_mean,0.6556905034926181,0.22932498081319894,0.34375,16,0.5729166666666666
Talia,S14,csp2_mean,0.8215429688645042,-1.0250847700690187,0.84375,16,0.84375
Talia,S15,csp2_mean,0.46959228887438087,0.244130032093741,0.34375,16,0.5729166666666666
