subset,arm,op,subject,z,p,n_assignments
D1 digits,disc,roi_rms,S02,0.16144918531450464,0.3125,8
D1 digits,disc,roi_tmpl,S02,0.45545848336864003,0.375,8
D1 digits,disc,tdca,S02,1.5100933626487048,0.125,8
D1 digits,disc,roi_rms,S03,1.3097562474562923,0.1875,8
D1 digits,disc,roi_tmpl,S03,1.4825007110570765,0.125,8
D1 digits,disc,tdca,S03,1.5100371872352112,0.125,8
D1 digits,disc,roi_rms,S04,-1.4043654828800067,0.9375,8
D1 digits,disc,roi_tmpl,S04,-0.19620576673863294,0.375,8
D1 digits,disc,tdca,S04,1.4643738520788963,0.125,8
D1 digits,disc,roi_rms,S05,-0.6550845053791245,0.6875,8
D1 digits,disc,roi_tmpl,S05,0.9232836411173472,0.125,8
D1 digits,disc,tdca,S05,0.7419003636456196,0.375,8
D1 digits,disc,roi_rms,S07,-1.5852804953808664,0.9375,8
D1 digits,disc,roi_tmpl,S07,1.0016971491394135,0.125,8
D1 digits,disc,tdca,S07,1.6078592052132628,0.125,8
D1 digits,disc,roi_rms,S08,0.38764843724617326,0.4375,8
D1 digits,disc,roi_tmpl,S08,0.6800670188423538,0.125,8
D1 digits,disc,tdca,S08,1.3378838310934527,0.125,8
D1 digits,disc,roi_rms,S09,1.6142274195009712,0.0625,8
D1 digits,disc,roi_tmpl,S09,1.1803898349064417,0.125,8
D1 digits,disc,tdca,S09,-1.3273144434355513,0.875,8
D1 digits,disc,roi_rms,S10,-0.3624374603934651,0.6875,8
D1 digits,disc,roi_tmpl,S10,0.9482876074432879,0.125,8
D1 digits,disc,tdca,S10,1.458887176377476,0.125,8
D1 digits,disc,roi_rms,S11,0.18710521635134802,0.4375,8
D1 digits,disc,roi_tmpl,S11,1.078525059377265,0.125,8
D1 digits,disc,tdca,S11,1.5312122424280195,0.125,8
D1 digits,disc,roi_rms,S13,-0.2878027895632908,0.5625,8
D1 digits,disc,roi_tmpl,S13,1.1083800234859258,0.125,8
D1 digits,disc,tdca,S13,1.4732854707834642,0.125,8
D1 digits,disc,roi_rms,S15,-0.6622623865055067,0.6875,8
D1 digits,disc,roi_tmpl,S15,0.8837359513796852,0.125,8
D1 digits,disc,tdca,S15,1.1330448509918125,0.125,8
D1 digits,disc,roi_rms,S16,0.2223653295410527,0.375,4
D1 digits,disc,roi_tmpl,S16,1.0469572326687793,0.125,4
D1 digits,disc,tdca,S16,-0.2154988219820372,0.375,4
D1 digits,disc,roi_rms,S18,-0.481661567454142,0.6875,8
D1 digits,disc,roi_tmpl,S18,1.4480187396435107,0.125,8
D1 digits,disc,tdca,S18,1.5495408025799273,0.125,8
D1 digits,disc,roi_rms,S19,0.4975448893214386,0.4375,8
D1 digits,disc,roi_tmpl,S19,1.3460932907329821,0.125,8
D1 digits,disc,tdca,S19,0.2149760361506354,0.375,8
D1 digits,disc,roi_rms,S21,-0.7809274438773698,0.6875,8
D1 digits,disc,roi_tmpl,S21,-0.07382664146074042,0.375,8
D1 digits,disc,tdca,S21,1.4812586651571695,0.125,8
D1 digits,disc,roi_rms,S22,-0.9146580220049157,0.8125,8
D1 digits,disc,roi_tmpl,S22,-0.40248739472702394,0.625,8
D1 digits,disc,tdca,S22,0.9684306291812106,0.125,8
D1 digits,disc,roi_rms,S23,1.4518840871538232,0.0625,8
D1 digits,disc,roi_tmpl,S23,-0.17498108997959522,0.625,8
D1 digits,disc,tdca,S23,-0.05263892216590042,0.375,8
D1 digits,disc,roi_rms,S24,0.6788239881175155,0.4375,8
D1 digits,disc,roi_tmpl,S24,0.12374680621459294,0.625,8
D1 digits,disc,tdca,S24,0.6009243905518303,0.375,8
D1 digits,disc,roi_rms,S25,-1.1607719880236176,0.8125,8
D1 digits,disc,roi_tmpl,S25,0.8833275074664628,0.375,8
D1 digits,disc,tdca,S25,0.8671947551103819,0.375,8
D1 digits,disc,roi_rms,S26,0.06121644711917555,0.4375,8
D1 digits,disc,roi_tmpl,S26,1.5474600276639543,0.125,8
D1 digits,disc,tdca,S26,0.9598631026086047,0.125,8
D1 digits,disc,roi_rms,S27,-0.5114330036664796,0.6875,8
D1 digits,disc,roi_tmpl,S27,-0.6289598379006534,0.625,8
D1 digits,disc,tdca,S27,0.9596189640593447,0.125,8
D1 digits,disc,roi_rms,S28,1.3429734478201216,0.0625,8
D1 digits,disc,roi_tmpl,S28,1.5900978408328248,0.125,8
D1 digits,disc,tdca,S28,1.6159510437653213,0.125,8
D1 digits,disc,roi_rms,S29,0.4512374066042523,0.3125,8
D1 digits,disc,roi_tmpl,S29,1.505161721843624,0.125,8
D1 digits,disc,tdca,S29,1.36090906025613,0.125,8
D1 digits,disc,roi_rms,S31,0.8598011867229884,0.1875,8
D1 digits,disc,roi_tmpl,S31,0.9421603615814244,0.125,8
D1 digits,disc,tdca,S31,1.4323500330434473,0.125,8
D1 digits,disc,roi_rms,S32,1.5197288302920477,0.0625,8
D1 digits,disc,roi_tmpl,S32,0.0296054467306804,0.625,8
D1 digits,disc,tdca,S32,1.5826869297802195,0.125,8
D1 digits,disc,roi_rms,S33,-1.5784426581856108,0.9375,8
D1 digits,disc,roi_tmpl,S33,0.7999352028400822,0.125,8
D1 digits,disc,tdca,S33,1.3345373739541881,0.125,8
D1 digits,disc,roi_rms,S34,0.7934247429368354,0.3125,8
D1 digits,disc,roi_tmpl,S34,1.5256363808505635,0.125,8
D1 digits,disc,tdca,S34,1.4778066812177206,0.125,8
D1 digits,disc,roi_rms,S35,0.6663984048112482,0.3125,8
D1 digits,disc,roi_tmpl,S35,1.091064364516193,0.125,8
D1 digits,disc,tdca,S35,1.4859161343571239,0.125,8
D1 digits,disc,roi_rms,S37,0.5237782404263168,0.3125,8
D1 digits,disc,roi_tmpl,S37,1.2290479989530316,0.125,8
D1 digits,disc,tdca,S37,1.0563955061814396,0.125,8
D1 digits,disc,roi_rms,S38,-0.03191870489942035,0.5625,8
D1 digits,disc,roi_tmpl,S38,1.575571824178785,0.125,8
D1 digits,disc,tdca,S38,0.7289240087002549,0.375,8
D1 digits,ctrl,roi_rms,S02,1.2083899029484506,0.0625,8
D1 digits,ctrl,roi_tmpl,S02,-0.8113586393115603,0.625,8
D1 digits,ctrl,tdca,S02,0.6682986509607008,0.375,8
D1 digits,ctrl,roi_rms,S03,1.2470774362548862,0.0625,8
D1 digits,ctrl,roi_tmpl,S03,0.4517877266844836,0.375,8
D1 digits,ctrl,tdca,S03,-0.9974045527686102,0.875,8
D1 digits,ctrl,roi_rms,S04,1.193753422694715,0.1875,8
D1 digits,ctrl,roi_tmpl,S04,-1.0080539853665607,0.875,8
D1 digits,ctrl,tdca,S04,-1.607916539324234,0.875,8
D1 digits,ctrl,roi_rms,S05,1.3676006896575938,0.0625,8
D1 digits,ctrl,roi_tmpl,S05,-0.29922524654735844,0.625,8
D1 digits,ctrl,tdca,S05,-0.11093735904858587,0.625,8
D1 digits,ctrl,roi_rms,S07,0.950514010636657,0.1875,8
D1 digits,ctrl,roi_tmpl,S07,1.0497769389163591,0.125,8
D1 digits,ctrl,tdca,S07,-0.16756623715090221,0.375,8
D1 digits,ctrl,roi_rms,S08,1.1325202034421957,0.0625,8
D1 digits,ctrl,roi_tmpl,S08,0.6623062172806307,0.375,8
D1 digits,ctrl,tdca,S08,0.8925806343128918,0.125,8
D1 digits,ctrl,roi_rms,S09,-1.5721248832384063,0.9375,8
D1 digits,ctrl,roi_tmpl,S09,1.0446254473635974,0.125,8
D1 digits,ctrl,tdca,S09,-0.5089924246866013,0.625,8
D1 digits,ctrl,roi_rms,S10,-0.1995897027004061,0.6875,8
D1 digits,ctrl,roi_tmpl,S10,-0.8642314929793112,0.625,8
D1 digits,ctrl,tdca,S10,-0.11177744247231576,0.375,8
D1 digits,ctrl,roi_rms,S11,1.1705537271373316,0.0625,8
D1 digits,ctrl,roi_tmpl,S11,-0.318608905478865,0.625,8
D1 digits,ctrl,tdca,S11,-0.541872677099639,0.625,8
D1 digits,ctrl,roi_rms,S13,0.6211990513327647,0.3125,8
D1 digits,ctrl,roi_tmpl,S13,-0.9411297078824284,0.875,8
D1 digits,ctrl,tdca,S13,-1.5860330566613756,0.875,8
D1 digits,ctrl,roi_rms,S15,-0.40190734592074445,0.6875,8
D1 digits,ctrl,roi_tmpl,S15,-0.5649150733853565,0.625,8
D1 digits,ctrl,tdca,S15,0.2934998316304183,0.625,8
D1 digits,ctrl,roi_rms,S16,-0.08674354683931301,0.625,4
D1 digits,ctrl,roi_tmpl,S16,-0.7118983596374372,0.625,4
D1 digits,ctrl,tdca,S16,0.7568856565119969,0.375,4
D1 digits,ctrl,roi_rms,S18,0.26575915535514627,0.4375,8
D1 digits,ctrl,roi_tmpl,S18,0.38960458877476817,0.375,8
D1 digits,ctrl,tdca,S18,1.0953619633032476,0.125,8
D1 digits,ctrl,roi_rms,S19,-0.28443561954672264,0.5625,8
D1 digits,ctrl,roi_tmpl,S19,0.5653192306262709,0.375,8
D1 digits,ctrl,tdca,S19,-0.8281069916459214,0.625,8
D1 digits,ctrl,roi_rms,S21,1.4124125850457911,0.0625,8
D1 digits,ctrl,roi_tmpl,S21,0.8982881295731957,0.125,8
D1 digits,ctrl,tdca,S21,0.6135872883868556,0.375,8
D1 digits,ctrl,roi_rms,S22,1.1885427643975925,0.1875,8
D1 digits,ctrl,roi_tmpl,S22,0.1136839304394988,0.375,8
D1 digits,ctrl,tdca,S22,0.8889503248414492,0.375,8
D1 digits,ctrl,roi_rms,S23,-0.19512901610682057,0.5625,8
D1 digits,ctrl,roi_tmpl,S23,-1.3962919113339352,0.875,8
D1 digits,ctrl,tdca,S23,1.3502102357139871,0.125,8
D1 digits,ctrl,roi_rms,S24,1.3027772910857067,0.0625,8
D1 digits,ctrl,roi_tmpl,S24,0.8453985247812399,0.375,8
D1 digits,ctrl,tdca,S24,-1.3580507030987063,0.875,8
D1 digits,ctrl,roi_rms,S25,-0.07471586813141141,0.5625,8
D1 digits,ctrl,roi_tmpl,S25,-0.9138921927519682,0.625,8
D1 digits,ctrl,tdca,S25,0.1859609705075649,0.375,8
D1 digits,ctrl,roi_rms,S26,1.3436790212683676,0.0625,8
D1 digits,ctrl,roi_tmpl,S26,-0.12185722927838345,0.375,8
D1 digits,ctrl,tdca,S26,1.3688431897603506,0.125,8
D1 digits,ctrl,roi_rms,S27,1.2596274207363847,0.1875,8
D1 digits,ctrl,roi_tmpl,S27,1.4600053668923978,0.125,8
D1 digits,ctrl,tdca,S27,1.338523855768481,0.125,8
D1 digits,ctrl,roi_rms,S28,0.5961251580551823,0.4375,8
D1 digits,ctrl,roi_tmpl,S28,-1.4263744457416647,0.875,8
D1 digits,ctrl,tdca,S28,-0.8217804655776095,0.625,8
D1 digits,ctrl,roi_rms,S29,-0.7831821901758319,0.6875,8
D1 digits,ctrl,roi_tmpl,S29,-1.1830315614513534,0.875,8
D1 digits,ctrl,tdca,S29,0.5837781480730752,0.375,8
D1 digits,ctrl,roi_rms,S31,1.0832980503469598,0.1875,8
D1 digits,ctrl,roi_tmpl,S31,-1.4188236547785473,0.875,8
D1 digits,ctrl,tdca,S31,-1.1649310048714383,0.875,8
D1 digits,ctrl,roi_rms,S32,1.0657372969796641,0.1875,8
D1 digits,ctrl,roi_tmpl,S32,1.526004878139847,0.125,8
D1 digits,ctrl,tdca,S32,-1.3798005981449304,0.875,8
D1 digits,ctrl,roi_rms,S33,0.8486827276509732,0.3125,8
D1 digits,ctrl,roi_tmpl,S33,1.2155003620316305,0.125,8
D1 digits,ctrl,tdca,S33,1.1703360027137955,0.125,8
D1 digits,ctrl,roi_rms,S34,-0.46735154585599825,0.6875,8
D1 digits,ctrl,roi_tmpl,S34,0.6614542224040446,0.375,8
D1 digits,ctrl,tdca,S34,0.2555469156036434,0.625,8
D1 digits,ctrl,roi_rms,S35,-1.0830613323317597,0.8125,8
D1 digits,ctrl,roi_tmpl,S35,1.0660287912352133,0.125,8
D1 digits,ctrl,tdca,S35,0.565948661717129,0.375,8
D1 digits,ctrl,roi_rms,S37,-0.1337604793685111,0.5625,8
D1 digits,ctrl,roi_tmpl,S37,-1.1692779064186551,0.875,8
D1 digits,ctrl,tdca,S37,-0.7182830828740329,0.625,8
D1 digits,ctrl,roi_rms,S38,0.48209007243669433,0.4375,8
D1 digits,ctrl,roi_tmpl,S38,1.2674347919423001,0.125,8
D1 digits,ctrl,tdca,S38,1.2573018659127475,0.125,8
D1 words,disc,roi_rms,S02,1.37025987620087,0.0625,8
D1 words,disc,roi_tmpl,S02,1.0997959174091283,0.125,8
D1 words,disc,tdca,S02,1.266798971541453,0.125,8
D1 words,disc,roi_rms,S03,0.11528696975367851,0.4375,8
D1 words,disc,roi_tmpl,S03,1.3927787297961414,0.125,8
D1 words,disc,tdca,S03,1.442243443000864,0.125,8
D1 words,disc,roi_rms,S04,-0.47297600071828455,0.6875,8
D1 words,disc,roi_tmpl,S04,-1.4816246100581363,0.875,8
D1 words,disc,tdca,S04,1.3500255685137732,0.125,8
D1 words,disc,roi_rms,S05,-1.0161029652565559,0.8125,8
D1 words,disc,roi_tmpl,S05,1.0389546028748864,0.125,8
D1 words,disc,tdca,S05,1.142268607515206,0.125,8
D1 words,disc,roi_rms,S07,1.525075485178989,0.0625,8
D1 words,disc,roi_tmpl,S07,1.5852513088993496,0.125,8
D1 words,disc,tdca,S07,1.587617922513618,0.125,8
D1 words,disc,roi_rms,S08,0.8797993931541163,0.1875,8
D1 words,disc,roi_tmpl,S08,0.938228765871941,0.125,8
D1 words,disc,tdca,S08,1.2979321482059243,0.125,8
D1 words,disc,roi_rms,S09,1.1597009665229117,0.0625,8
D1 words,disc,roi_tmpl,S09,-0.32358393829725063,0.625,8
D1 words,disc,tdca,S09,1.4506892644847202,0.125,8
D1 words,disc,roi_rms,S10,-0.20187069522428255,0.6875,8
D1 words,disc,roi_tmpl,S10,-1.2969485854675964,0.875,8
D1 words,disc,tdca,S10,0.5678373318561747,0.375,8
D1 words,disc,roi_rms,S11,-0.2819572743572773,0.5625,8
D1 words,disc,roi_tmpl,S11,-0.22456900091283058,0.375,8
D1 words,disc,tdca,S11,0.9664958730153652,0.125,8
D1 words,disc,roi_rms,S13,1.4493329498033625,0.0625,8
D1 words,disc,roi_tmpl,S13,1.5990076820163448,0.125,8
D1 words,disc,tdca,S13,1.3369503783243648,0.125,8
D1 words,disc,roi_rms,S15,1.608841735687238,0.0625,8
D1 words,disc,roi_tmpl,S15,1.4850086940310807,0.125,8
D1 words,disc,tdca,S15,1.5491144004146762,0.125,8
D1 words,disc,roi_rms,S16,0.96898265812371,0.1875,8
D1 words,disc,roi_tmpl,S16,1.417423504918234,0.125,8
D1 words,disc,tdca,S16,1.5779089668836175,0.125,8
D1 words,disc,roi_rms,S18,-0.7976365935835698,0.6875,8
D1 words,disc,roi_tmpl,S18,0.4070970883961543,0.375,8
D1 words,disc,tdca,S18,0.3323686149836797,0.375,8
D1 words,disc,roi_rms,S19,-1.1110503005619357,0.8125,8
D1 words,disc,roi_tmpl,S19,1.2757014097060437,0.125,8
D1 words,disc,tdca,S19,1.6126299240385324,0.125,8
D1 words,disc,roi_rms,S21,0.43401625649434394,0.4375,8
D1 words,disc,roi_tmpl,S21,1.0871601146399028,0.125,8
D1 words,disc,tdca,S21,1.4215314595869257,0.125,8
D1 words,disc,roi_rms,S22,-0.14814798061915319,0.5625,8
D1 words,disc,roi_tmpl,S22,0.4080767969143178,0.625,8
D1 words,disc,tdca,S22,0.04254207866038132,0.375,8
D1 words,disc,roi_rms,S23,1.5354088946768085,0.0625,8
D1 words,disc,roi_tmpl,S23,-0.31162012663743466,0.625,8
D1 words,disc,tdca,S23,1.463375953448721,0.125,8
D1 words,disc,roi_rms,S24,1.316236138496304,0.0625,8
D1 words,disc,roi_tmpl,S24,1.1603409624487047,0.125,8
D1 words,disc,tdca,S24,1.5257810637279634,0.125,8
D1 words,disc,roi_rms,S25,-0.5783621979071915,0.6875,8
D1 words,disc,roi_tmpl,S25,-1.4067200160300906,0.875,8
D1 words,disc,tdca,S25,0.9080847775173538,0.125,8
D1 words,disc,roi_rms,S26,1.022725754592348,0.1875,8
D1 words,disc,roi_tmpl,S26,1.3265353992798403,0.125,8
D1 words,disc,tdca,S26,1.5238356899683596,0.125,8
D1 words,disc,roi_rms,S27,0.46087710212995364,0.4375,8
D1 words,disc,roi_tmpl,S27,-1.529677879290605,0.875,8
D1 words,disc,tdca,S27,1.232563862158027,0.125,8
D1 words,disc,roi_rms,S28,-1.3973765433267231,0.9375,8
D1 words,disc,roi_tmpl,S28,1.2244550880751692,0.125,8
D1 words,disc,tdca,S28,1.575331797245692,0.125,8
D1 words,disc,roi_rms,S29,-1.4528212300964984,0.9375,8
D1 words,disc,roi_tmpl,S29,0.9997682999532725,0.125,8
D1 words,disc,tdca,S29,1.2926040621051869,0.125,8
D1 words,disc,roi_rms,S31,-1.3805556104854124,0.9375,8
D1 words,disc,roi_tmpl,S31,-0.9776403760029744,0.875,8
D1 words,disc,tdca,S31,1.3367477777785648,0.125,8
D1 words,disc,roi_rms,S32,-0.38707207006362604,0.6875,8
D1 words,disc,roi_tmpl,S32,0.8130928448549696,0.125,8
D1 words,disc,tdca,S32,-0.06381640044212956,0.375,8
D1 words,disc,roi_rms,S33,0.610297984521437,0.4375,8
D1 words,disc,roi_tmpl,S33,1.1007824871164578,0.125,8
D1 words,disc,tdca,S33,0.9062103601126715,0.125,8
D1 words,disc,roi_rms,S34,0.1481283510935914,0.4375,8
D1 words,disc,roi_tmpl,S34,1.274088809950411,0.125,8
D1 words,disc,tdca,S34,1.5051000703557595,0.125,8
D1 words,disc,roi_rms,S35,-0.4020643842455044,0.5625,8
D1 words,disc,roi_tmpl,S35,1.359311340788302,0.125,8
D1 words,disc,tdca,S35,1.3974235664453132,0.125,8
D1 words,disc,roi_rms,S37,-0.8697813484674659,0.8125,8
D1 words,disc,roi_tmpl,S37,-0.07773441193310798,0.625,8
D1 words,disc,tdca,S37,0.22099766623576905,0.625,8
D1 words,disc,roi_rms,S38,-0.33713799606034206,0.5625,8
D1 words,disc,roi_tmpl,S38,0.39641045161209765,0.375,8
D1 words,disc,tdca,S38,0.3762354104987083,0.625,8
D1 words,ctrl,roi_rms,S02,1.2904516100113614,0.1875,8
D1 words,ctrl,roi_tmpl,S02,1.0658764353382009,0.125,8
D1 words,ctrl,tdca,S02,-1.1520182452915724,0.875,8
D1 words,ctrl,roi_rms,S03,0.28034090903635,0.4375,8
D1 words,ctrl,roi_tmpl,S03,1.4023059356045233,0.125,8
D1 words,ctrl,tdca,S03,-0.21064131367391734,0.625,8
D1 words,ctrl,roi_rms,S04,1.11282346419378,0.1875,8
D1 words,ctrl,roi_tmpl,S04,-0.07555593293679312,0.375,8
D1 words,ctrl,tdca,S04,1.4884919993241095,0.125,8
D1 words,ctrl,roi_rms,S05,-1.0516610028243039,0.8125,8
D1 words,ctrl,roi_tmpl,S05,1.1122203841062561,0.125,8
D1 words,ctrl,tdca,S05,1.3987774821353332,0.125,8
D1 words,ctrl,roi_rms,S07,0.2812050149957468,0.3125,8
D1 words,ctrl,roi_tmpl,S07,1.246090904214503,0.125,8
D1 words,ctrl,tdca,S07,0.03139435864703926,0.375,8
D1 words,ctrl,roi_rms,S08,-0.3476514792689561,0.5625,8
D1 words,ctrl,roi_tmpl,S08,-1.254705424901271,0.875,8
D1 words,ctrl,tdca,S08,-0.18222705765254157,0.625,8
D1 words,ctrl,roi_rms,S09,1.0073380000909282,0.1875,8
D1 words,ctrl,roi_tmpl,S09,-0.45753337615350415,0.625,8
D1 words,ctrl,tdca,S09,1.307673809078018,0.125,8
D1 words,ctrl,roi_rms,S10,-0.5987320099071116,0.6875,8
D1 words,ctrl,roi_tmpl,S10,-0.7009438074158597,0.625,8
D1 words,ctrl,tdca,S10,-1.0664732551915024,0.875,8
D1 words,ctrl,roi_rms,S11,0.9038221151921444,0.3125,8
D1 words,ctrl,roi_tmpl,S11,-1.5331329975886294,0.875,8
D1 words,ctrl,tdca,S11,1.5000475625029113,0.125,8
D1 words,ctrl,roi_rms,S13,-0.49810817570927246,0.6875,8
D1 words,ctrl,roi_tmpl,S13,-1.054699882609096,0.875,8
D1 words,ctrl,tdca,S13,-0.3110458540993583,0.625,8
D1 words,ctrl,roi_rms,S15,1.2206153209686401,0.1875,8
D1 words,ctrl,roi_tmpl,S15,1.4313362785830908,0.125,8
D1 words,ctrl,tdca,S15,-0.26748542534859826,0.625,8
D1 words,ctrl,roi_rms,S16,-0.9076511043040234,0.8125,8
D1 words,ctrl,roi_tmpl,S16,-0.010362212157513692,0.375,8
D1 words,ctrl,tdca,S16,-0.29039863022847984,0.625,8
D1 words,ctrl,roi_rms,S18,0.1623424027495192,0.3125,8
D1 words,ctrl,roi_tmpl,S18,-0.23129463112237097,0.625,8
D1 words,ctrl,tdca,S18,-1.1562045258485028,0.875,8
D1 words,ctrl,roi_rms,S19,-0.6212025768980162,0.6875,8
D1 words,ctrl,roi_tmpl,S19,0.09253164577561866,0.375,8
D1 words,ctrl,tdca,S19,1.609704883351607,0.125,8
D1 words,ctrl,roi_rms,S21,1.4919132733995384,0.0625,8
D1 words,ctrl,roi_tmpl,S21,-0.09361663066071992,0.375,8
D1 words,ctrl,tdca,S21,0.6305724039533769,0.375,8
D1 words,ctrl,roi_rms,S22,-0.14860687026021288,0.5625,8
D1 words,ctrl,roi_tmpl,S22,0.00016269079807227878,0.375,8
D1 words,ctrl,tdca,S22,-0.5647756259517254,0.625,8
D1 words,ctrl,roi_rms,S23,0.679237080980649,0.3125,8
D1 words,ctrl,roi_tmpl,S23,0.8680935381590488,0.125,8
D1 words,ctrl,tdca,S23,0.08811635044787375,0.375,8
D1 words,ctrl,roi_rms,S24,-0.2398093698409338,0.6875,8
D1 words,ctrl,roi_tmpl,S24,-0.5426424607113167,0.625,8
D1 words,ctrl,tdca,S24,0.8247705786977266,0.375,8
D1 words,ctrl,roi_rms,S25,1.1540903219417376,0.1875,8
D1 words,ctrl,roi_tmpl,S25,0.11419770690812106,0.375,8
D1 words,ctrl,tdca,S25,-0.8592706391989499,0.625,8
D1 words,ctrl,roi_rms,S26,1.4729099341344645,0.0625,8
D1 words,ctrl,roi_tmpl,S26,-0.4640523869285208,0.625,8
D1 words,ctrl,tdca,S26,-0.9046207512954634,0.875,8
D1 words,ctrl,roi_rms,S27,-0.7221666207964464,0.8125,8
D1 words,ctrl,roi_tmpl,S27,0.6246524734758212,0.375,8
D1 words,ctrl,tdca,S27,0.42187050455287933,0.375,8
D1 words,ctrl,roi_rms,S28,-1.5337900023988944,0.9375,8
D1 words,ctrl,roi_tmpl,S28,1.2995268995174116,0.125,8
D1 words,ctrl,tdca,S28,0.154818062238656,0.375,8
D1 words,ctrl,roi_rms,S29,1.1013764099500374,0.0625,8
D1 words,ctrl,roi_tmpl,S29,0.3498092284369977,0.625,8
D1 words,ctrl,tdca,S29,1.1653550526246574,0.125,8
D1 words,ctrl,roi_rms,S31,1.3809531607359593,0.0625,8
D1 words,ctrl,roi_tmpl,S31,1.5928850480583536,0.125,8
D1 words,ctrl,tdca,S31,-0.709186691411313,0.625,8
D1 words,ctrl,roi_rms,S32,-1.0192092896968543,0.8125,8
D1 words,ctrl,roi_tmpl,S32,-0.35918272713077204,0.625,8
D1 words,ctrl,tdca,S32,-0.8120084725653707,0.625,8
D1 words,ctrl,roi_rms,S33,1.2657140433319158,0.1875,8
D1 words,ctrl,roi_tmpl,S33,-1.2348640549435597,0.875,8
D1 words,ctrl,tdca,S33,1.247516236517793,0.125,8
D1 words,ctrl,roi_rms,S34,-0.943567289663133,0.8125,8
D1 words,ctrl,roi_tmpl,S34,-0.9417228556284167,0.875,8
D1 words,ctrl,tdca,S34,-1.0096407079275072,0.875,8
D1 words,ctrl,roi_rms,S35,-1.1734913442711778,0.9375,8
D1 words,ctrl,roi_tmpl,S35,0.8992531992540486,0.125,8
D1 words,ctrl,tdca,S35,-0.6127584321202673,0.625,8
D1 words,ctrl,roi_rms,S37,0.32676385892054965,0.4375,8
D1 words,ctrl,roi_tmpl,S37,-0.363350779854293,0.625,8
D1 words,ctrl,tdca,S37,0.3761108579382066,0.375,8
D1 words,ctrl,roi_rms,S38,0.7155147319613236,0.3125,8
D1 words,ctrl,roi_tmpl,S38,-0.3470929471768933,0.625,8
D1 words,ctrl,tdca,S38,1.5818181224468182,0.125,8
D1 all,disc,roi_rms,S02,1.4472120931721426,0.0703125,64
D1 all,disc,roi_rms,S03,1.1715004100402404,0.1171875,64
D1 all,disc,roi_rms,S04,-0.7406034224090045,0.7421875,64
D1 all,disc,roi_rms,S05,-1.2818203053957633,0.8828125,64
D1 all,disc,roi_rms,S07,1.3324363924244789,0.1171875,64
D1 all,disc,roi_rms,S08,1.00637352228743,0.1796875,64
D1 all,disc,roi_rms,S09,2.0824912525615042,0.0078125,64
D1 all,disc,roi_rms,S10,-0.42933044444304075,0.6796875,64
D1 all,disc,roi_rms,S11,-0.08259083335993588,0.5234375,64
D1 all,disc,roi_rms,S13,0.49565884518150655,0.3359375,64
D1 all,disc,roi_rms,S15,1.5055727268734815,0.0859375,64
D1 all,disc,roi_rms,S16,1.0152081237580224,0.171875,32
D1 all,disc,roi_rms,S18,-0.8169137377608141,0.7734375,64
D1 all,disc,roi_rms,S19,-0.050433016492857356,0.5234375,64
D1 all,disc,roi_rms,S21,-0.427374447123258,0.6640625,64
D1 all,disc,roi_rms,S22,-0.522156904134579,0.6796875,64
D1 all,disc,roi_rms,S23,2.2402892572362703,0.0078125,64
D1 all,disc,roi_rms,S24,1.4144437120672224,0.1015625,64
D1 all,disc,roi_rms,S25,-1.155265520711352,0.8671875,64
D1 all,disc,roi_rms,S26,0.9549794202368105,0.1953125,64
D1 all,disc,roi_rms,S27,-0.2968639893006826,0.6484375,64
D1 all,disc,roi_rms,S28,-0.06187668171538168,0.5078125,64
D1 all,disc,roi_rms,S29,-1.1135873590292482,0.8671875,64
D1 all,disc,roi_rms,S31,-0.06749861446879361,0.5234375,64
D1 all,disc,roi_rms,S32,0.892174949617682,0.2109375,64
D1 all,disc,roi_rms,S33,-0.6121043427907116,0.7109375,64
D1 all,disc,roi_rms,S34,0.7985013293747618,0.2734375,64
D1 all,disc,roi_rms,S35,0.1704592063003768,0.3984375,64
D1 all,disc,roi_rms,S37,-0.22567039238889805,0.5859375,64
D1 all,disc,roi_rms,S38,-0.09911426963280279,0.5703125,64
D1 all,ctrl,roi_rms,S02,1.743425296081775,0.0234375,64
D1 all,ctrl,roi_rms,S03,1.1479514783453624,0.1328125,64
D1 all,ctrl,roi_rms,S04,1.7167259971378699,0.0546875,64
D1 all,ctrl,roi_rms,S05,0.39888691317372044,0.3515625,64
D1 all,ctrl,roi_rms,S07,1.030801215183191,0.1640625,64
D1 all,ctrl,roi_rms,S08,0.4303490001604881,0.3203125,64
D1 all,ctrl,roi_rms,S09,-0.34549255705411525,0.6328125,64
D1 all,ctrl,roi_rms,S10,-0.6618715140436561,0.7109375,64
D1 all,ctrl,roi_rms,S11,1.437146821086753,0.0703125,64
D1 all,ctrl,roi_rms,S13,0.17632793553849666,0.4765625,64
D1 all,ctrl,roi_rms,S15,1.121205850849716,0.1796875,64
D1 all,ctrl,roi_rms,S16,-0.7574616245314065,0.796875,32
D1 all,ctrl,roi_rms,S18,0.32164569729930337,0.3515625,64
D1 all,ctrl,roi_rms,S19,-0.6569623060397823,0.7265625,64
D1 all,ctrl,roi_rms,S21,2.0532078404510896,0.0078125,64
D1 all,ctrl,roi_rms,S22,1.2214382495511589,0.1953125,64
D1 all,ctrl,roi_rms,S23,0.4451401043869156,0.3203125,64
D1 all,ctrl,roi_rms,S24,1.0906251414916674,0.1640625,64
D1 all,ctrl,roi_rms,S25,0.8867661288772547,0.2109375,64
D1 all,ctrl,roi_rms,S26,1.9820965731320392,0.0078125,64
D1 all,ctrl,roi_rms,S27,-0.3464421919232616,0.6484375,64
D1 all,ctrl,roi_rms,S28,-0.050092927546818905,0.5078125,64
D1 all,ctrl,roi_rms,S29,0.6344245236324837,0.2734375,64
D1 all,ctrl,roi_rms,S31,1.5794263829480413,0.0390625,64
D1 all,ctrl,roi_rms,S32,-0.7384213533255286,0.6640625,64
D1 all,ctrl,roi_rms,S33,1.292423941334647,0.1328125,64
D1 all,ctrl,roi_rms,S34,-1.1102859496741082,0.8671875,64
D1 all,ctrl,roi_rms,S35,-1.6287007416944506,0.9765625,64
D1 all,ctrl,roi_rms,S37,0.08343715979585523,0.4453125,64
D1 all,ctrl,roi_rms,S38,0.8071365905294502,0.3046875,64
D2 digits,disc,roi_rms,S01,0.9573691721478296,0.15625,16
D2 digits,disc,roi_rms,S02,0.03040151386506678,0.46875,16
D2 digits,disc,roi_rms,S03,1.6781157932040356,0.03125,16
D2 digits,disc,roi_rms,S04,-1.6568835492714322,0.96875,16
D2 digits,disc,roi_rms,S05,0.5247234496979121,0.46875,16
D2 digits,disc,roi_rms,S06,-1.5271678691751271,0.96875,16
D2 digits,disc,roi_rms,S07,1.876356576675718,0.03125,16
D2 digits,disc,roi_rms,S08,1.3951716799932494,0.03125,16
D2 digits,disc,roi_rms,S09,1.63230808748799,0.03125,16
D2 digits,disc,roi_rms,S10,1.0260213255883572,0.15625,16
D2 digits,disc,roi_rms,S11,0.4236068373105555,0.34375,16
D2 digits,disc,roi_rms,S12,1.090804337252651,0.15625,16
D2 digits,disc,roi_rms,S13,1.086470608301797,0.21875,16
D2 digits,disc,roi_rms,S14,0.2630505354662629,0.46875,16
D2 digits,disc,roi_rms,S15,0.25091201834101,0.40625,16
D2 digits,ctrl,roi_rms,S01,0.07623447652936681,0.46875,16
D2 digits,ctrl,roi_rms,S02,-0.695271062349333,0.71875,16
D2 digits,ctrl,roi_rms,S03,1.1034317492038082,0.15625,16
D2 digits,ctrl,roi_rms,S04,-1.0419790613001876,0.78125,16
D2 digits,ctrl,roi_rms,S05,0.2151352561485253,0.40625,16
D2 digits,ctrl,roi_rms,S06,-0.6436663874916553,0.65625,16
D2 digits,ctrl,roi_rms,S07,-1.268394020407666,0.90625,16
D2 digits,ctrl,roi_rms,S08,-1.1981837223511167,0.84375,16
D2 digits,ctrl,roi_rms,S09,-0.3608869601155873,0.59375,16
D2 digits,ctrl,roi_rms,S10,1.0703042347223657,0.15625,16
D2 digits,ctrl,roi_rms,S11,1.2240993733024363,0.03125,16
D2 digits,ctrl,roi_rms,S12,-0.69063767293883,0.65625,16
D2 digits,ctrl,roi_rms,S13,-1.397133503601334,0.90625,16
D2 digits,ctrl,roi_rms,S14,0.9044469668104064,0.21875,16
D2 digits,ctrl,roi_rms,S15,-1.034448320103446,0.78125,16
D1 all,disc,tdca,S02,1.0895231498093083,0.203125,64
D1 all,disc,tdca,S03,1.7803551304717289,0.015625,64
D1 all,disc,tdca,S04,0.0535805707748487,0.390625,64
D1 all,disc,tdca,S05,0.5615462573766945,0.328125,64
D1 all,disc,tdca,S07,1.6827190853427243,0.046875,64
D1 all,disc,tdca,S08,0.0240378781205492,0.421875,64
D1 all,disc,tdca,S09,1.8948181517753708,0.046875,64
D1 all,disc,tdca,S10,1.1205409356019942,0.171875,64
D1 all,disc,tdca,S11,0.2996600696634658,0.421875,64
D1 all,disc,tdca,S13,1.3586763552149834,0.140625,64
D1 all,disc,tdca,S15,2.4950761862414645,0.046875,64
D1 all,disc,tdca,S16,1.793116148651234,0.078125,32
D1 all,disc,tdca,S18,1.1935498076876483,0.109375,64
D1 all,disc,tdca,S19,-0.4498481950402361,0.578125,64
D1 all,disc,tdca,S21,0.4621522896407926,0.390625,64
D1 all,disc,tdca,S22,0.9869675114552192,0.171875,64
D1 all,disc,tdca,S23,-0.1404207514628914,0.546875,64
D1 all,disc,tdca,S24,1.9479974938044375,0.046875,64
D1 all,disc,tdca,S25,0.9753252162882482,0.140625,64
D1 all,disc,tdca,S26,0.8426014376238449,0.171875,64
D1 all,disc,tdca,S27,0.1805325064519563,0.515625,64
D1 all,disc,tdca,S28,-0.3193309630247691,0.578125,64
D1 all,disc,tdca,S29,1.2123178506871943,0.109375,64
D1 all,disc,tdca,S31,0.6349673761521152,0.234375,64
D1 all,disc,tdca,S32,1.9643618077033096,0.046875,64
D1 all,disc,tdca,S33,-0.9926035195817444,0.796875,64
D1 all,disc,tdca,S34,1.6431203845066178,0.046875,64
D1 all,disc,tdca,S35,0.7910425194738789,0.203125,64
D1 all,disc,tdca,S37,0.671907419649853,0.296875,64
D1 all,disc,tdca,S38,0.6864540397887604,0.265625,64
D1 all,ctrl,tdca,S02,-0.6307186851988891,0.734375,64
D1 all,ctrl,tdca,S03,0.8278124203013103,0.234375,64
D1 all,ctrl,tdca,S04,0.0076327361943627,0.359375,64
D1 all,ctrl,tdca,S05,1.6937819348254333,0.046875,64
D1 all,ctrl,tdca,S07,-0.0342394434980854,0.484375,64
D1 all,ctrl,tdca,S08,1.5929610583053009,0.015625,64
D1 all,ctrl,tdca,S09,-0.3938823614466996,0.609375,64
D1 all,ctrl,tdca,S10,0.3599885130457031,0.390625,64
D1 all,ctrl,tdca,S11,0.4576096819489236,0.515625,64
D1 all,ctrl,tdca,S13,-0.1518182929908892,0.546875,64
D1 all,ctrl,tdca,S15,-0.1698083005688113,0.515625,64
D1 all,ctrl,tdca,S16,0.3217014093932025,0.328125,32
D1 all,ctrl,tdca,S18,0.0004186601915848,0.421875,64
D1 all,ctrl,tdca,S19,-2.28577000272696,0.984375,64
D1 all,ctrl,tdca,S21,-1.1628351780735962,0.859375,64
D1 all,ctrl,tdca,S22,-0.8664355846782881,0.765625,64
D1 all,ctrl,tdca,S23,1.3686161864335022,0.078125,64
D1 all,ctrl,tdca,S24,0.2298724519092138,0.484375,64
D1 all,ctrl,tdca,S25,-0.5169960753454123,0.671875,64
D1 all,ctrl,tdca,S26,0.7653326642633078,0.203125,64
D1 all,ctrl,tdca,S27,0.4219444565592212,0.359375,64
D1 all,ctrl,tdca,S28,-0.6649156922384457,0.640625,64
D1 all,ctrl,tdca,S29,-0.1313072970008156,0.609375,64
D1 all,ctrl,tdca,S31,-0.8770672011386826,0.765625,64
D1 all,ctrl,tdca,S32,-0.5256531601835611,0.609375,64
D1 all,ctrl,tdca,S33,1.3420518348996189,0.078125,64
D1 all,ctrl,tdca,S34,0.0184872381569583,0.421875,64
D1 all,ctrl,tdca,S35,-0.2769185549154547,0.546875,64
D1 all,ctrl,tdca,S37,0.9556026976671268,0.203125,64
D1 all,ctrl,tdca,S38,0.4478258378696807,0.234375,64
D1 all,disc,roi_tmpl,S02,0.359633002988126,0.453125,64
D1 all,disc,roi_tmpl,S03,2.2411093082026956,0.015625,64
D1 all,disc,roi_tmpl,S04,-0.8382193907808796,0.828125,64
D1 all,disc,roi_tmpl,S05,1.7804621573077772,0.015625,64
D1 all,disc,roi_tmpl,S07,1.6366715565990622,0.078125,64
D1 all,disc,roi_tmpl,S08,1.6235069709814225,0.046875,64
D1 all,disc,roi_tmpl,S09,1.5157207480004813,0.078125,64
D1 all,disc,roi_tmpl,S10,1.5348334549901284,0.046875,64
D1 all,disc,roi_tmpl,S11,1.6644270491026878,0.015625,64
D1 all,disc,roi_tmpl,S13,1.665282013076878,0.015625,64
D1 all,disc,roi_tmpl,S15,1.796524329531794,0.015625,64
D1 all,disc,roi_tmpl,S16,1.8003653883861246,0.015625,32
D1 all,disc,roi_tmpl,S18,1.52119609612233,0.078125,64
D1 all,disc,roi_tmpl,S19,0.5291196823537551,0.390625,64
D1 all,disc,roi_tmpl,S21,-1.0079017290365937,0.796875,64
D1 all,disc,roi_tmpl,S22,0.7442971022431919,0.265625,64
D1 all,disc,roi_tmpl,S23,-0.3996796812026151,0.671875,64
D1 all,disc,roi_tmpl,S24,1.535133413219681,0.078125,64
D1 all,disc,roi_tmpl,S25,0.4899166078634866,0.328125,64
D1 all,disc,roi_tmpl,S26,1.8569017170405369,0.015625,64
D1 all,disc,roi_tmpl,S27,-0.1060718618667299,0.546875,64
D1 all,disc,roi_tmpl,S28,-0.1664977252947743,0.578125,64
D1 all,disc,roi_tmpl,S29,1.4551073269703918,0.015625,64
D1 all,disc,roi_tmpl,S31,-0.1274401454309354,0.609375,64
D1 all,disc,roi_tmpl,S32,-0.6902002737938931,0.796875,64
D1 all,disc,roi_tmpl,S33,1.913529837915199,0.015625,64
D1 all,disc,roi_tmpl,S34,2.062254898928576,0.015625,64
D1 all,disc,roi_tmpl,S35,0.0079203223688147,0.578125,64
D1 all,disc,roi_tmpl,S37,0.7720242083452362,0.203125,64
D1 all,disc,roi_tmpl,S38,1.0165547143082017,0.140625,64
D1 all,ctrl,roi_tmpl,S02,0.381726207150048,0.421875,64
D1 all,ctrl,roi_tmpl,S03,0.6786165456843227,0.234375,64
D1 all,ctrl,roi_tmpl,S04,0.0625897131031041,0.359375,64
D1 all,ctrl,roi_tmpl,S05,0.9455413300283476,0.140625,64
D1 all,ctrl,roi_tmpl,S07,1.153690790349481,0.171875,64
D1 all,ctrl,roi_tmpl,S08,-0.9564971313164397,0.734375,64
D1 all,ctrl,roi_tmpl,S09,-1.8278969505945557,0.984375,64
D1 all,ctrl,roi_tmpl,S10,-0.989799141860593,0.796875,64
D1 all,ctrl,roi_tmpl,S11,-0.0448341097978462,0.546875,64
D1 all,ctrl,roi_tmpl,S13,-1.2836870255496395,0.890625,64
D1 all,ctrl,roi_tmpl,S15,1.71306331547343,0.046875,64
D1 all,ctrl,roi_tmpl,S16,-0.9720766577308486,0.796875,32
D1 all,ctrl,roi_tmpl,S18,-2.1474422461026412,0.984375,64
D1 all,ctrl,roi_tmpl,S19,0.61371916341338,0.296875,64
D1 all,ctrl,roi_tmpl,S21,1.8516067695441525,0.046875,64
D1 all,ctrl,roi_tmpl,S22,0.5081279579165492,0.328125,64
D1 all,ctrl,roi_tmpl,S23,-1.673626264591467,0.953125,64
D1 all,ctrl,roi_tmpl,S24,0.9182372654425964,0.234375,64
D1 all,ctrl,roi_tmpl,S25,-0.4583654338832544,0.671875,64
D1 all,ctrl,roi_tmpl,S26,-0.8135804341479221,0.765625,64
D1 all,ctrl,roi_tmpl,S27,1.429465997197518,0.046875,64
D1 all,ctrl,roi_tmpl,S28,-1.4168772818484192,0.890625,64
D1 all,ctrl,roi_tmpl,S29,-0.2120190120826758,0.671875,64
D1 all,ctrl,roi_tmpl,S31,1.6293811361530055,0.078125,64
D1 all,ctrl,roi_tmpl,S32,1.1587466097628074,0.140625,64
D1 all,ctrl,roi_tmpl,S33,1.3507861287348086,0.109375,64
D1 all,ctrl,roi_tmpl,S34,0.3130437534697435,0.359375,64
D1 all,ctrl,roi_tmpl,S35,0.5982315107715477,0.359375,64
D1 all,ctrl,roi_tmpl,S37,-2.245953001381118,0.984375,64
D1 all,ctrl,roi_tmpl,S38,-1.2716035178154526,0.890625,64
D2 digits,disc,tdca,S01,1.2286113543974355,0.0625,16
D2 digits,disc,tdca,S02,1.7936298556825023,0.0625,16
D2 digits,disc,tdca,S03,1.8615661547263216,0.0625,16
D2 digits,disc,tdca,S04,1.932921494865253,0.0625,16
D2 digits,disc,tdca,S05,1.2134415557024414,0.0625,16
D2 digits,disc,tdca,S06,1.470960022253315,0.0625,16
D2 digits,disc,tdca,S07,1.887442232339732,0.0625,16
D2 digits,disc,tdca,S08,1.8824976307332333,0.0625,16
D2 digits,disc,tdca,S09,2.000546424977838,0.0625,16
D2 digits,disc,tdca,S10,0.9888003683877588,0.0625,16
D2 digits,disc,tdca,S11,2.028008229898769,0.0625,16
D2 digits,disc,tdca,S12,1.8491901638153383,0.0625,16
D2 digits,disc,tdca,S13,1.8598544092996343,0.0625,16
D2 digits,disc,tdca,S14,2.1960276885488637,0.0625,16
D2 digits,disc,tdca,S15,1.8569034981092332,0.0625,16
D2 digits,ctrl,tdca,S01,-0.6302770629501957,0.6875,16
D2 digits,ctrl,tdca,S02,-0.4568764146838043,0.6875,16
D2 digits,ctrl,tdca,S03,-0.6314586866362232,0.6875,16
D2 digits,ctrl,tdca,S04,-0.162873126529035,0.6875,16
D2 digits,ctrl,tdca,S05,-0.0061729787848033,0.4375,16
D2 digits,ctrl,tdca,S06,-1.828038803835713,0.9375,16
D2 digits,ctrl,tdca,S07,0.1576896240222327,0.4375,16
D2 digits,ctrl,tdca,S08,-0.2998953760455207,0.5625,16
D2 digits,ctrl,tdca,S09,0.5563295300264619,0.3125,16
D2 digits,ctrl,tdca,S10,-0.480288926187119,0.6875,16
D2 digits,ctrl,tdca,S11,-1.2618836477383837,0.9375,16
D2 digits,ctrl,tdca,S12,0.8035576407842124,0.1875,16
D2 digits,ctrl,tdca,S13,0.9275383774958388,0.3125,16
D2 digits,ctrl,tdca,S14,-0.2025490539334896,0.4375,16
D2 digits,ctrl,tdca,S15,1.5016897407224554,0.0625,16
D2 digits,disc,roi_tmpl,S01,0.420839326807662,0.5625,16
D2 digits,disc,roi_tmpl,S02,-0.5309445994613975,0.5625,16
D2 digits,disc,roi_tmpl,S03,1.276369200247113,0.0625,16
D2 digits,disc,roi_tmpl,S04,1.446884748797588,0.0625,16
D2 digits,disc,roi_tmpl,S05,1.2513624542995836,0.0625,16
D2 digits,disc,roi_tmpl,S06,1.423166953074657,0.0625,16
D2 digits,disc,roi_tmpl,S07,1.6286085500646086,0.0625,16
D2 digits,disc,roi_tmpl,S08,1.4715162700108178,0.0625,16
D2 digits,disc,roi_tmpl,S09,1.458274965212743,0.0625,16
D2 digits,disc,roi_tmpl,S10,0.8803825483425509,0.1875,16
D2 digits,disc,roi_tmpl,S11,1.7374042429290475,0.0625,16
D2 digits,disc,roi_tmpl,S12,1.6526247733340014,0.0625,16
D2 digits,disc,roi_tmpl,S13,0.9900145213283668,0.0625,16
D2 digits,disc,roi_tmpl,S14,1.5276615138796314,0.0625,16
D2 digits,disc,roi_tmpl,S15,1.0668851068689766,0.0625,16
D2 digits,ctrl,roi_tmpl,S01,-0.9903963624442248,0.8125,16
D2 digits,ctrl,roi_tmpl,S02,-0.8580981661315661,0.8125,16
D2 digits,ctrl,roi_tmpl,S03,0.6418418749627111,0.3125,16
D2 digits,ctrl,roi_tmpl,S04,-0.7335814378352735,0.8125,16
D2 digits,ctrl,roi_tmpl,S05,-1.6593564063988562,0.9375,16
D2 digits,ctrl,roi_tmpl,S06,-1.4340031318904891,0.9375,16
D2 digits,ctrl,roi_tmpl,S07,0.3447099251809642,0.3125,16
D2 digits,ctrl,roi_tmpl,S08,0.9377679026409088,0.1875,16
D2 digits,ctrl,roi_tmpl,S09,-0.1659815195624364,0.5625,16
D2 digits,ctrl,roi_tmpl,S10,-1.458828022362079,0.9375,16
D2 digits,ctrl,roi_tmpl,S11,0.7634664902569471,0.3125,16
D2 digits,ctrl,roi_tmpl,S12,0.3025249265546401,0.4375,16
D2 digits,ctrl,roi_tmpl,S13,1.1267571382818578,0.1875,16
D2 digits,ctrl,roi_tmpl,S14,-0.7241510349440619,0.6875,16
D2 digits,ctrl,roi_tmpl,S15,-0.058661500545778,0.5625,16
