dataset,subject,boost,tdca_z,tdca_p,a1_z,a1_p,roi_z,roi_p,loc_hit,loc_z
Angelique,S02,0.0,-1.0486718908202843,0.765625,-1.0200327100591724,0.859375,-0.03698217499794365,0.5390625,False,-0.8904102929972595
Angelique,S03,0.0,-0.7983432808048416,0.734375,0.07352595717863923,0.421875,0.8721142347617851,0.2265625,False,0.22585373840526743
Angelique,S04,0.0,0.2530746545038904,0.328125,1.1642298538602416,0.109375,0.4471139066462311,0.3828125,True,1.679684380567127
Angelique,S05,0.0,0.8387259866240037,0.203125,1.6043659524042382,0.078125,1.8357621158596884,0.0234375,False,0.5431688900083448
Angelique,S07,0.0,0.43593965773437443,0.296875,0.10371243342749316,0.421875,-0.6329341208969856,0.6796875,False,1.1525441885301886
Angelique,S08,0.0,-0.8416133723303109,0.734375,-1.1086797618560875,0.828125,0.3512415106086723,0.3828125,False,0.2100741484516905
Angelique,S09,0.0,-0.023006344536095565,0.609375,-0.5968324782140172,0.734375,-0.9195027020140811,0.7734375,False,-0.9262121518375763
Angelique,S10,0.0,-0.18467704310652963,0.546875,1.2907859527434267,0.203125,-0.06710545946903837,0.5390625,False,-0.7059703131818208
Angelique,S11,0.0,0.2996600696634661,0.421875,1.6644270491026878,0.015625,0.08259083335993588,0.4765625,False,1.2839679546357121
Angelique,S13,0.0,1.5767768295955384,0.109375,1.371893861842388,0.078125,-0.3026251416275182,0.5859375,False,0.6078957165371736
Angelique,S15,0.0,0.19096085618243702,0.265625,0.5455352885455359,0.359375,-0.29950586437263305,0.5703125,False,-0.03289675141248614
Angelique,S16,0.0,-1.4132109529885433,0.953125,-1.494769288149722,0.953125,-0.13309062121728735,0.546875,False,-1.0247569687705638
Angelique,S18,0.0,0.3838022124099518,0.359375,0.6422127224317049,0.296875,0.027570192506549965,0.4609375,True,1.306122463758558
Angelique,S19,0.0,1.9998450682608082,0.015625,1.2514205381625623,0.078125,-0.46820033844808767,0.6484375,False,0.7860986977296743
Angelique,S21,0.0,1.9249967238138916,0.015625,1.9272336165739177,0.015625,1.3155115961180572,0.1328125,False,0.848757776767896
Angelique,S22,0.0,-0.4529987600501551,0.609375,0.7030964323722326,0.296875,0.3653778292929401,0.3828125,False,0.3393738770656633
Angelique,S23,0.0,0.8839213551066486,0.171875,0.8946965496179073,0.234375,-0.8614511324286693,0.8046875,False,1.7053544268961494
Angelique,S24,0.0,0.8084015978151292,0.171875,1.443027771593351,0.109375,-0.9407813953218226,0.8359375,False,-0.20035650699522514
Angelique,S25,0.0,0.20533598986055185,0.453125,0.1695491513402342,0.453125,-1.5740329138748683,0.9453125,False,-0.27292898036052293
Angelique,S26,0.0,0.31262300070998356,0.390625,-0.031108315110600807,0.609375,-1.0571707833747577,0.8359375,False,-0.7150704576745718
Angelique,S27,0.0,0.7009649427844623,0.265625,1.826804991825628,0.015625,-0.8813237459597408,0.7734375,False,0.5388181759367359
Angelique,S28,0.0,-0.3193309630247713,0.578125,-0.16649772529477433,0.578125,0.06187668171538168,0.4921875,False,0.46597586690210857
Angelique,S29,0.0,-0.2199144837928174,0.609375,0.30085943778631985,0.453125,0.4056432631837395,0.3828125,False,0.20273941584712016
Angelique,S31,0.0,-0.32057282511565005,0.703125,0.7684022456968085,0.203125,0.7879874541828947,0.2265625,False,-0.32187823293789414
Angelique,S32,0.0,0.3250501514684548,0.328125,1.692678426497387,0.046875,0.31003826937400003,0.3671875,False,0.7839491792942989
Angelique,S33,0.0,-1.1947121884605316,0.953125,-0.7845653292322554,0.765625,-0.5921924220197302,0.6953125,False,-1.524839140864398
Angelique,S34,0.0,1.4133769842133208,0.109375,1.1372518633196826,0.171875,0.12246411537961588,0.4453125,False,-1.0618359465548324
Angelique,S35,0.0,-0.8077490276777177,0.734375,-0.5751381602008452,0.703125,0.6556399481653172,0.2734375,False,-0.05819982505923756
Angelique,S37,0.0,0.6719074196498521,0.296875,0.7720242083452362,0.203125,0.22567039238889805,0.4140625,True,1.731565836534444
Angelique,S38,0.0,-0.59911227602446,0.703125,-0.42484417467334845,0.671875,0.10619840210191357,0.4140625,True,1.7213817453717526
Talia,S01,0.0,-0.4180881577718493,0.5625,-0.21203657769603804,0.6875,0.23125793513068563,0.46875,False,-1.057297952080534
Talia,S02,0.0,-1.0617078330127514,0.8125,0.42568349642423636,0.4375,-1.6709401415099345,0.96875,False,-0.785422262221597
Talia,S03,0.0,-0.4273392867947913,0.5625,0.19771059113036532,0.5625,1.4686643416461047,0.09375,False,1.1447519822358447
Talia,S04,0.0,0.13903830259576838,0.3125,0.04695081539491635,0.4375,0.9876812619989854,0.21875,False,-1.1395121909084178
Talia,S05,0.0,-1.7971361792496086,0.9375,-2.015177840051238,0.9375,-1.0350342708458748,0.78125,False,-1.6446763950759948
Talia,S06,0.0,-1.697936157402562,0.9375,-0.027120546182316754,0.4375,0.6192341028805878,0.34375,False,-0.43525002881314995
Talia,S07,0.0,-0.7405029842599417,0.6875,-1.1341877183621245,0.8125,0.2602443350307102,0.40625,False,-0.9080807221816816
Talia,S08,0.0,0.3806538288720439,0.3125,0.3097407762546983,0.3125,-1.2569825323225912,0.84375,True,1.709212198642431
Talia,S09,0.0,0.3777623118722692,0.1875,0.3933453066538728,0.4375,-0.4847803079814347,0.71875,False,-0.41189702693974883
Talia,S10,0.0,-1.5135323671980192,0.9375,0.27501683191310605,0.4375,0.4585975569146113,0.46875,False,0.24026369733931574
Talia,S11,0.0,0.302018716936567,0.3125,1.08774083735629,0.1875,0.5170464132374202,0.28125,False,0.7464629165334299
Talia,S12,0.0,0.2539556869609905,0.3125,0.24120150560876616,0.4375,-0.4906559015506013,0.59375,False,-0.218721524782196
Talia,S13,0.0,-1.3660065203439955,0.9375,0.751812849526032,0.3125,-1.446227565525598,0.96875,False,0.37199008013876
Talia,S14,0.0,-1.2480462430694166,0.9375,-0.442878422967629,0.6875,1.1881124843546134,0.15625,False,-0.17200502273454596
Talia,S15,0.0,0.9618912414608417,0.1875,0.3563084716774586,0.5625,1.1169705497584648,0.15625,False,0.4133668801321633
Angelique,S02,0.02,-1.0521084481829324,0.765625,-0.9964572941663599,0.859375,-0.0013362884253861373,0.5078125,False,-0.8752999620178256
Angelique,S03,0.02,-0.7676228845268878,0.734375,-0.003758706887163747,0.421875,0.8680544312489,0.2421875,False,0.24654033036345474
Angelique,S04,0.02,0.2075078744892405,0.328125,1.0449445791096628,0.109375,0.4297891291517065,0.3828125,True,1.462990094818906
Angelique,S05,0.02,0.8645497411066969,0.171875,1.5977231790187132,0.078125,1.857155766062539,0.0234375,False,0.5160030321885636
Angelique,S07,0.02,0.44118741702121267,0.296875,0.07984174218092557,0.421875,-0.6310418875234495,0.6640625,False,1.2032096066821947
Angelique,S08,0.02,-0.8334965497914055,0.734375,-1.0065317461613195,0.828125,0.3526898123123601,0.3828125,False,0.3003299434869735
Angelique,S09,0.02,-0.03543969550965738,0.609375,-0.6106390279750229,0.734375,-0.8453890526370565,0.7734375,False,-0.9304281851254838
Angelique,S10,0.02,-0.1438360646150827,0.546875,1.374436760315904,0.140625,0.028684810419571563,0.4921875,False,-0.6695271255272432
Angelique,S11,0.02,0.3020282982077713,0.421875,1.6759183835076397,0.015625,0.12491698122104336,0.4609375,False,1.2922266095954955
Angelique,S13,0.02,1.5795536632519334,0.109375,1.3852011394649195,0.078125,-0.1640878388415031,0.5546875,False,0.7071624591079505
Angelique,S15,0.02,0.17596811679167265,0.265625,0.5151847812094781,0.359375,-0.30549345800805555,0.5703125,False,-0.03414896186166002
Angelique,S16,0.02,-1.4176298283044266,0.953125,-1.527133847691881,0.953125,-0.11305489836614196,0.546875,False,-1.0104356930946177
Angelique,S18,0.02,0.39845354332242344,0.359375,0.6339873387232161,0.296875,0.03675904090100796,0.4765625,True,1.2676980104644777
Angelique,S19,0.02,1.9886709781381475,0.015625,1.2446612578203717,0.078125,-0.4371025311467739,0.6484375,False,0.7526299910637487
Angelique,S21,0.02,1.8966948813021818,0.015625,1.9155485131248007,0.015625,1.3418066261522799,0.1171875,False,0.8071745314919019
Angelique,S22,0.02,-0.4617840131309857,0.640625,0.6181386912239549,0.359375,0.40815368258815177,0.3515625,False,0.2526288366544988
Angelique,S23,0.02,0.8564052394158026,0.171875,0.8411994871799149,0.234375,-0.8595322737909817,0.8046875,False,1.6608986760776014
Angelique,S24,0.02,0.8609513291615,0.171875,1.4442612256476564,0.109375,-0.9064614787046131,0.7890625,False,-0.17596028408507722
Angelique,S25,0.02,0.14917108806413437,0.484375,0.24892009061611914,0.453125,-1.5403496275724184,0.9453125,False,-0.1513954673056732
Angelique,S26,0.02,0.3070222127131531,0.390625,-0.17244466176401774,0.671875,-1.0596387974327246,0.8359375,False,-0.7693142927588744
Angelique,S27,0.02,0.6750650532921119,0.265625,1.9778706595156312,0.015625,-0.86366336762333,0.7734375,False,0.5291708705733233
Angelique,S28,0.02,-0.32134829210007154,0.578125,-0.1732053192036579,0.578125,0.06789112402970439,0.4921875,False,0.5169779284957355
Angelique,S29,0.02,-0.23197484564946777,0.609375,0.3392827215030763,0.421875,0.452352349033846,0.3515625,False,0.10047965931991565
Angelique,S31,0.02,-0.37096500260726856,0.734375,0.7349322002111837,0.203125,0.7807054196312243,0.2265625,False,-0.34101831180297093
Angelique,S32,0.02,0.3662430982690912,0.296875,1.6950941033602194,0.046875,0.30731744221272156,0.3671875,False,0.7374729294977653
Angelique,S33,0.02,-1.0981505093014372,0.890625,-0.7908070495088082,0.765625,-0.5866875492949716,0.7109375,False,-1.5160632749267902
Angelique,S34,0.02,1.4121023088096685,0.109375,1.1349749380095746,0.171875,0.10315092140869904,0.4609375,False,-1.0494113226852289
Angelique,S35,0.02,-0.7949000742964883,0.734375,-0.5097129926625438,0.703125,0.6752309911078266,0.2421875,False,0.0035676109613688996
Angelique,S37,0.02,0.6809235947112802,0.265625,0.7588362716894912,0.203125,0.24659403159708454,0.3984375,True,1.727246253030649
Angelique,S38,0.02,-0.6484511254752187,0.703125,-0.45828225296583924,0.671875,0.11501602578934816,0.3671875,True,1.6283331617026815
Talia,S01,0.02,-0.3994511876071682,0.5625,-0.16858232000925336,0.6875,0.25470122020910746,0.46875,False,-1.0294871472545966
Talia,S02,0.02,-1.055825811101371,0.8125,0.44508246584398115,0.4375,-1.679581835116791,0.96875,False,-0.7793147391554022
Talia,S03,0.02,-0.406238497097158,0.5625,0.2423993870862744,0.3125,1.4561553233157807,0.09375,False,1.1672460772399365
Talia,S04,0.02,0.13872611273410507,0.3125,0.02772525881099026,0.4375,0.9787306695504986,0.21875,False,-1.2387813244864045
Talia,S05,0.02,-1.783406527770325,0.9375,-1.982789226958987,0.9375,-1.0099818946255015,0.78125,False,-1.7079017218607573
Talia,S06,0.02,-1.714262162406107,0.9375,-0.051683382029042144,0.4375,0.6430930281697205,0.34375,False,-0.42424643881052665
Talia,S07,0.02,-0.7430638665588687,0.6875,-1.1486254824515976,0.8125,0.26117472275023546,0.40625,False,-0.9628994313433298
Talia,S08,0.02,0.3779629925155413,0.3125,0.2762000565577766,0.3125,-1.2286034635547516,0.84375,True,1.66266016140571
Talia,S09,0.02,0.37067458798446395,0.1875,0.381533628990648,0.4375,-0.4849930157130118,0.71875,False,-0.48661294217613216
Talia,S10,0.02,-1.52522229036619,0.9375,0.27665209946823055,0.4375,0.47130890003143905,0.46875,False,0.1823558335107816
Talia,S11,0.02,0.3078141072862808,0.3125,1.0984917688617648,0.1875,0.5242557336152431,0.28125,False,0.7515860653183458
Talia,S12,0.02,0.25877543130252817,0.3125,0.25744216362652633,0.4375,-0.4698772387154167,0.59375,False,-0.17526947285985772
Talia,S13,0.02,-1.385568417439113,0.9375,0.6800980568537098,0.3125,-1.4489184405800755,0.96875,False,0.29746279982645096
Talia,S14,0.02,-1.2508671749259619,0.9375,-0.37512026025875483,0.6875,1.2029152932106983,0.15625,False,-0.12139826871153896
Talia,S15,0.02,0.9614980113957015,0.1875,0.3514404303793397,0.5625,1.1262232348374202,0.15625,False,0.4595841824086933
Angelique,S02,0.05,-1.0445360862049238,0.765625,-0.9054348957556503,0.859375,0.09231416982633064,0.4140625,False,-0.8416282897700217
Angelique,S03,0.05,-0.7046121557998194,0.734375,-0.08593882492733697,0.484375,0.9001576389623451,0.2109375,False,0.30520347855310714
Angelique,S04,0.05,0.19447595996671196,0.328125,0.9220066988886904,0.140625,0.4767202625317209,0.3515625,True,1.0455945429044575
Angelique,S05,0.05,0.9012510614751145,0.171875,1.6035756512857615,0.078125,1.896538594682667,0.0234375,False,0.5153377890643752
Angelique,S07,0.05,0.45082025587222907,0.296875,0.057497109208042636,0.421875,-0.6156461965123199,0.6640625,False,1.2977111247068498
Angelique,S08,0.05,-0.8229680723265872,0.765625,-0.7996233750046476,0.796875,0.38629261835623974,0.3828125,False,0.4466369027867343
Angelique,S09,0.05,-0.057213782207475035,0.609375,-0.5176961018238438,0.640625,-0.6909322083230176,0.7421875,False,-0.9048970100043566
Angelique,S10,0.05,-0.025652350527537487,0.484375,1.502867633100603,0.078125,0.21608334226410572,0.3828125,False,-0.6295813920731206
Angelique,S11,0.05,0.30438303504648495,0.421875,1.7069697333499503,0.015625,0.22062466987052423,0.4296875,False,1.3070685440790668
Angelique,S13,0.05,1.5895503306431786,0.109375,1.4109408299522095,0.078125,0.07849090565057837,0.4765625,False,0.8488297597733694
Angelique,S15,0.05,0.1647698320734053,0.265625,0.4753452990842221,0.359375,-0.2867095134796563,0.5703125,False,-0.029463443080531688
Angelique,S16,0.05,-1.4240078917287944,0.953125,-1.4877922517588165,0.953125,-0.060954988546074965,0.546875,False,-0.974833627144917
Angelique,S18,0.05,0.4313024929904115,0.359375,0.632678617861887,0.296875,0.08380029421458782,0.4921875,True,1.2498507497467963
Angelique,S19,0.05,1.9760771143746487,0.015625,1.2644316381552765,0.078125,-0.33865487097861013,0.6015625,False,0.6891889710260938
Angelique,S21,0.05,1.857147553711475,0.015625,1.9112818219268293,0.015625,1.3968338495926074,0.1015625,False,0.7473073933094176
Angelique,S22,0.05,-0.46486370259971965,0.640625,0.5523540103047613,0.359375,0.5127983582166544,0.3359375,False,0.15744164068507582
Angelique,S23,0.05,0.7799051140525691,0.203125,0.797821102464987,0.265625,-0.8099608227821234,0.7734375,False,1.5699445499735418
Angelique,S24,0.05,0.9412138457539766,0.171875,1.453332554718371,0.109375,-0.7915312105661806,0.7578125,False,-0.1187582019643371
Angelique,S25,0.05,0.12495234491874922,0.484375,0.39373022947084163,0.390625,-1.455128715116017,0.9296875,False,0.067063661039957
Angelique,S26,0.05,0.32289422654489164,0.359375,-0.34211915741542887,0.703125,-1.0296201937084744,0.8203125,False,-0.8252321682277917
Angelique,S27,0.05,0.6327524852098884,0.328125,2.2232073787015576,0.015625,-0.7706868262108069,0.7734375,False,0.5556251552110598
Angelique,S28,0.05,-0.328898505731735,0.578125,-0.15809757991516704,0.578125,0.10719587925637761,0.4765625,False,0.6286596224556412
Angelique,S29,0.05,-0.21812216173490548,0.609375,0.41441677431943347,0.390625,0.552271314862885,0.3203125,False,0.26522457360501606
Angelique,S31,0.05,-0.4221832640395729,0.734375,0.7820897599257935,0.171875,0.8113351896379795,0.2265625,False,-0.28172639166629004
Angelique,S32,0.05,0.4381029284206879,0.296875,1.7087411084104835,0.015625,0.33673154732798455,0.3984375,False,0.6840907529508065
Angelique,S33,0.05,-0.9326226984879956,0.796875,-0.7197645901245499,0.765625,-0.5367089883913434,0.7109375,False,-1.4514762689503047
Angelique,S34,0.05,1.4178268122860194,0.109375,1.1362098250875892,0.171875,0.10131649682421562,0.4609375,False,-1.0158725538544102
Angelique,S35,0.05,-0.7636296111905818,0.703125,-0.3733448646769215,0.609375,0.7360821524027369,0.2265625,False,0.07453535292146309
Angelique,S37,0.05,0.7034007118009332,0.265625,0.7595352467396557,0.203125,0.31628316739709805,0.3515625,True,1.7236869803466324
Angelique,S38,0.05,-0.7270795284051651,0.703125,-0.444669509760333,0.671875,0.16220322861425013,0.3515625,True,1.4902399162423348
Talia,S01,0.05,-0.35234000285049366,0.5625,-0.07515445674701733,0.6875,0.32861595403474797,0.40625,False,-0.967229914608888
Talia,S02,0.05,-1.041388667087742,0.8125,0.4848323365332603,0.4375,-1.6834817743985477,0.96875,False,-0.7538513590033199
Talia,S03,0.05,-0.364791166297812,0.5625,0.3220647418341905,0.3125,1.4547200755993355,0.09375,False,1.216640173121328
Talia,S04,0.05,0.1531862134277708,0.3125,0.0032091732567959036,0.4375,0.9846825056256417,0.21875,False,-1.5487909981278887
Talia,S05,0.05,-1.7683569440689546,0.9375,-1.8954655711473003,0.9375,-0.9584073005619014,0.78125,False,-1.7745799185322115
Talia,S06,0.05,-1.7368565741634563,0.9375,-0.07330554911370893,0.4375,0.704643070732497,0.34375,False,-0.4087859705106422
Talia,S07,0.05,-0.7429085800275198,0.6875,-1.1480633038398111,0.8125,0.27704855912497117,0.40625,False,-1.0099644153209275
Talia,S08,0.05,0.40506931587620315,0.3125,0.2567813141678117,0.3125,-1.1631611628279663,0.78125,True,1.5705179722483613
Talia,S09,0.05,0.3649631832222505,0.1875,0.3644850298534556,0.4375,-0.4757022548515798,0.71875,False,-0.5261375790620231
Talia,S10,0.05,-1.5384652386261055,0.9375,0.29369526820329217,0.4375,0.5082548877434053,0.46875,False,0.14977916979993358
Talia,S11,0.05,0.31738721926405083,0.3125,1.120367884435879,0.1875,0.549820823892006,0.28125,False,0.7665274178512173
Talia,S12,0.05,0.27318995078729896,0.3125,0.2862907077409748,0.4375,-0.4198287755123045,0.59375,False,-0.0859189808906213
Talia,S13,0.05,-1.4108407130986047,0.9375,0.5928367622719803,0.3125,-1.4380406007095303,0.96875,False,0.2738359804973698
Talia,S14,0.05,-1.2589381381624822,0.9375,-0.24954619702656314,0.6875,1.2386772144701568,0.15625,False,-0.030833374043244016
Talia,S15,0.05,0.9622203714024987,0.1875,0.359115893285543,0.5625,1.1585250088875891,0.15625,False,0.5332443977720946
Angelique,S02,0.1,-0.9945443976976023,0.765625,-0.62144101924948,0.671875,0.34244507254473877,0.3515625,False,-0.8430836676426751
Angelique,S03,0.1,-0.4892395795926128,0.734375,-0.08415384726459865,0.453125,1.039702175617519,0.1484375,False,0.47446422479994865
Angelique,S04,0.1,0.23215809800742443,0.328125,0.9145032933863347,0.140625,0.7334240758526364,0.2734375,True,0.8854180226483863
Angelique,S05,0.1,0.9771274339505638,0.140625,1.6498972481937724,0.046875,1.974658544822709,0.0078125,False,0.6032977745382263
Angelique,S07,0.1,0.50878387267191,0.296875,0.060472184786263206,0.390625,-0.5565759506587473,0.6484375,False,1.5493202460104882
Angelique,S08,0.1,-0.8427938165005491,0.765625,-0.3636683492353588,0.578125,0.5173912923879643,0.3359375,False,0.7393702263330664
Angelique,S09,0.1,-0.10880114928215907,0.609375,-0.1203899199051058,0.546875,-0.31282404709385264,0.6171875,False,-0.8212459310853345
Angelique,S10,0.1,0.3592275926274213,0.390625,1.7039980981019205,0.015625,0.6140695135499556,0.2578125,False,-0.3788260795201816
Angelique,S11,0.1,0.30631463967578065,0.421875,1.7879608630833286,0.015625,0.45370786406632463,0.3203125,False,1.4050832792568866
Angelique,S13,0.1,1.6079259666226804,0.109375,1.4663101800425644,0.046875,0.5357441287185899,0.3046875,False,1.0871417734677022
Angelique,S15,0.1,0.15054784670357899,0.265625,0.44003823529139896,0.328125,-0.1805842118181761,0.5546875,False,0.0041513818791074995
Angelique,S16,0.1,-1.4233957736004028,0.953125,-1.223493072737389,0.890625,0.08183891798442416,0.484375,False,-0.8631047461989976
Angelique,S18,0.1,0.5577828037476966,0.296875,0.6619595631244294,0.296875,0.24852495682819745,0.4140625,True,1.3276986419610475
Angelique,S19,0.1,1.9722448629182288,0.015625,1.3720730264058403,0.078125,-0.026915551825739688,0.5234375,False,0.5872158026346893
Angelique,S21,0.1,1.7953424793970898,0.015625,1.9411182541350558,0.015625,1.5197744515901022,0.0703125,False,0.6450836333424083
Angelique,S22,0.1,-0.4522759688328537,0.640625,0.6348167750374625,0.359375,0.7918831967082393,0.2109375,False,0.2532191837096645
Angelique,S23,0.1,0.6267027814988679,0.234375,0.8194695445895281,0.234375,-0.6155775081968508,0.6953125,False,1.4291275871685067
Angelique,S24,0.1,1.0883513923714105,0.140625,1.48719428786881,0.109375,-0.4234874867942846,0.6328125,False,-0.07628298520297652
Angelique,S25,0.1,0.1745599826509047,0.453125,0.6741478289619129,0.296875,-1.183768592699402,0.8671875,False,0.43154812934337244
Angelique,S26,0.1,0.3993786263630526,0.328125,-0.4786965614798596,0.703125,-0.8894451208954338,0.7890625,False,-0.9971740171492143
Angelique,S27,0.1,0.5850644856087767,0.359375,2.528352535270619,0.015625,-0.4174399177084038,0.6328125,False,0.7658407386435991
Angelique,S28,0.1,-0.3452132711276289,0.609375,-0.06794053311693436,0.546875,0.2503178090631497,0.4140625,False,0.844574478055536
Angelique,S29,0.1,-0.1681274939183483,0.609375,0.5875222594002993,0.265625,0.7857321684293671,0.2109375,False,0.4469961108318748
Angelique,S31,0.1,-0.16086938306320966,0.640625,1.088649385520976,0.140625,0.9747838126122682,0.1796875,False,0.2651901784431248
Angelique,S32,0.1,0.6016813619980275,0.265625,1.7529576611616287,0.015625,0.47441112334816676,0.3359375,False,0.6454132694750238
Angelique,S33,0.1,-0.5852085835289542,0.671875,-0.4218830911913749,0.640625,-0.34827991070219017,0.6484375,False,-1.2129871233741376
Angelique,S34,0.1,1.4492151253769625,0.109375,1.1500739839762997,0.171875,0.17074864098449016,0.4296875,False,-0.9584760415802106
Angelique,S35,0.1,-0.6431797135555348,0.703125,-0.06902170887846046,0.578125,0.9085202664530773,0.2109375,False,-0.03940100082532009
Angelique,S37,0.1,0.7727494227540498,0.234375,0.8176157524772767,0.171875,0.5269996621669519,0.3046875,True,1.7402265844285707
Angelique,S38,0.1,-0.7998772227504166,0.734375,-0.2559974691822161,0.640625,0.32917086763758446,0.3203125,True,1.4036973467395726
Talia,S01,0.1,-0.1428075271132227,0.5625,0.1439635911972602,0.6875,0.5444159320653957,0.34375,False,-0.725725601205676
Talia,S02,0.1,-1.0001226543728146,0.8125,0.5743009781700165,0.4375,-1.6654935026907427,0.96875,False,-0.7024397993803189
Talia,S03,0.1,-0.2576874164209519,0.5625,0.4803981262091237,0.3125,1.4835836396536746,0.09375,False,1.342021124887594
Talia,S04,0.1,0.2134459821857348,0.3125,-0.026963803833915657,0.4375,1.0517143536945475,0.21875,False,-1.7467362001407298
Talia,S05,0.1,-1.7423289459900058,0.9375,-1.6442040173077896,0.9375,-0.8353856039766407,0.71875,False,-1.844409349627102
Talia,S06,0.1,-1.7732266517484587,0.9375,-0.06774850948323176,0.4375,0.8745122131551858,0.28125,False,-0.3662975280160787
Talia,S07,0.1,-0.7038683817382008,0.6875,-1.0883961883417892,0.8125,0.34056820721637204,0.34375,False,-0.9002243948070467
Talia,S08,0.1,0.5233767955325652,0.1875,0.31504591500516604,0.3125,-0.9789036840059533,0.78125,False,1.4926760297358943
Talia,S09,0.1,0.37214387202429494,0.1875,0.3368054044589487,0.4375,-0.43457083586641426,0.71875,False,-0.6215569784024081
Talia,S10,0.1,-1.4259947292702744,0.9375,0.35953621284894766,0.4375,0.6103967448415932,0.46875,False,0.4021626245283898
Talia,S11,0.1,0.34238061899613986,0.3125,1.1717380678987386,0.1875,0.6284299464982701,0.28125,False,0.8076464500188218
Talia,S12,0.1,0.33470535289486997,0.3125,0.34632617969247803,0.4375,-0.2832297372053661,0.53125,False,-0.0046980206356677335
Talia,S13,0.1,-1.4260616238882717,0.9375,0.5291852585625757,0.3125,-1.376305252653362,0.96875,False,0.44667676752183466
Talia,S14,0.1,-1.2709892328324495,0.9375,-0.0014499165909094452,0.4375,1.3246358826754312,0.09375,False,0.16365369443523878
Talia,S15,0.1,0.9675087133804182,0.1875,0.41055795819345203,0.4375,1.2515443606874257,0.15625,False,0.6496546334808445
Angelique,S02,0.2,-0.1462654376724941,0.578125,0.18143991698191544,0.484375,1.0424452621517142,0.1796875,False,-0.5012291784502114
Angelique,S03,0.2,0.26563419412572026,0.453125,0.5196092412713925,0.296875,1.4741330423206769,0.0859375,False,1.22757975341756
Angelique,S04,0.2,0.5887749736037062,0.296875,1.5636641857295897,0.046875,1.5559090716415924,0.0703125,True,1.58243815638141
Angelique,S05,0.2,1.4417551018844037,0.078125,1.8200441191158472,0.015625,2.1334943094770025,0.0078125,True,1.5181328541314199
Angelique,S07,0.2,1.0651276311888467,0.234375,0.22402709007596391,0.296875,-0.31511259396775254,0.6171875,True,1.7480794349401656
Angelique,S08,0.2,0.2698684874186014,0.328125,0.6479742628667187,0.296875,0.973579515703178,0.1953125,False,1.6140629952255747
Angelique,S09,0.2,-0.3200948994560151,0.640625,0.9137779656993784,0.171875,0.7605604417372176,0.2734375,False,0.07327672481003705
Angelique,S10,0.2,1.8325512194837947,0.015625,1.9843960450989462,0.015625,1.418726203744837,0.0859375,False,0.7113739176434436
Angelique,S11,0.2,0.544937833352296,0.234375,1.9770375038224253,0.015625,1.071577612146188,0.1796875,True,2.2019338064646816
Angelique,S13,0.2,1.8696801751762837,0.046875,1.60448388395893,0.046875,1.359033481798138,0.1015625,True,2.219374538125081
Angelique,S15,0.2,0.10293672930898037,0.296875,0.6622876414360463,0.234375,0.2944372209957258,0.3671875,False,0.2759309341411981
Angelique,S16,0.2,-1.1467701686903977,0.890625,-0.38995662610092485,0.640625,0.5359170883030195,0.296875,False,-0.3211533871252264
Angelique,S18,0.2,1.0838175331336812,0.140625,0.8337224814286807,0.203125,0.8354125461231572,0.2265625,True,1.4215830133199374
Angelique,S19,0.2,2.3070910822870148,0.015625,1.7157546481664623,0.015625,1.0096481558560968,0.1640625,False,0.4601724181900865
Angelique,S21,0.2,2.2572540727881765,0.015625,2.0936606515373377,0.015625,1.802339845755583,0.0234375,False,0.8346986262808345
Angelique,S22,0.2,-0.3201746911178431,0.640625,1.2741812273142237,0.109375,1.5616838074882102,0.0703125,False,0.5859628251114991
Angelique,S23,0.2,0.4425706255567868,0.296875,1.1208879046932236,0.140625,0.11140337353911174,0.4453125,False,1.509265833193467
Angelique,S24,0.2,1.3478108420952195,0.140625,1.6116299436807584,0.046875,0.8030036474535447,0.2265625,False,-0.13104804458758393
Angelique,S25,0.2,1.2597557942235187,0.109375,1.225685928286,0.046875,0.17435295398472742,0.4140625,True,1.9292355775164498
Angelique,S26,0.2,1.3002995603492953,0.109375,-0.1416038534025897,0.609375,-0.21881470923899846,0.6015625,False,-1.5493817438481579
Angelique,S27,0.2,1.0815265549151114,0.109375,2.6619102460005353,0.015625,0.9078847397296305,0.2265625,True,1.9688366534500599
Angelique,S28,0.2,0.06356194762537942,0.453125,0.30145861263871937,0.453125,0.7793122422536777,0.2421875,False,1.4101740010430779
Angelique,S29,0.2,0.5962746521034601,0.265625,1.0657116075981863,0.171875,1.362304613050011,0.1171875,True,1.7815312282859066
Angelique,S31,0.2,1.0580165932184424,0.171875,1.876823500596865,0.015625,1.5593228277824018,0.0390625,True,2.3010678491364303
Angelique,S32,0.2,1.3128155873228988,0.109375,1.875062388876633,0.015625,1.0162782633299738,0.1640625,False,0.8470014092047774
Angelique,S33,0.2,0.4018885618955414,0.265625,0.5088943371686124,0.265625,0.3485958776230227,0.3359375,False,-0.3698582390878945
Angelique,S34,0.2,1.592169999998143,0.078125,1.2160936797395325,0.140625,0.5516329349456892,0.3671875,False,-1.1807285260324372
Angelique,S35,0.2,0.3970689443495462,0.390625,0.6661674120009881,0.265625,1.3872414689416754,0.1171875,False,0.16439474795944403
Angelique,S37,0.2,1.4006115531007237,0.046875,1.114629259148918,0.140625,1.1662440404145793,0.1640625,True,2.477282889643491
Angelique,S38,0.2,-0.14766680801644078,0.546875,0.5192268213992854,0.328125,0.916380036297631,0.2421875,True,2.080850523600627
Talia,S01,0.2,0.7796617408614628,0.4375,0.7033868310400644,0.1875,1.1465599379031273,0.15625,False,0.6279511639582392
Talia,S02,0.2,-0.6546831382098705,0.6875,0.8048679229191279,0.4375,-1.5216964703938256,0.90625,False,-0.5023135056191455
Talia,S03,0.2,0.2944714376023361,0.4375,0.8234996814865164,0.3125,1.5855190109752095,0.09375,False,1.6150471138075133
Talia,S04,0.2,0.7270140776580238,0.3125,-0.03795353862573287,0.5625,1.3613705942176761,0.03125,False,-1.8580770430396383
Talia,S05,0.2,-1.2266695978376425,0.8125,-0.8235513274506168,0.8125,-0.4459593816648851,0.53125,False,-1.0283234253173614
Talia,S06,0.2,-1.8001402773118673,0.9375,0.09565192598950945,0.4375,1.3558644004954203,0.03125,False,-0.13754761274414148
Talia,S07,0.2,-0.5757278772127307,0.6875,-0.7757256299766827,0.8125,0.5867976166945842,0.28125,False,-0.7452276832383108
Talia,S08,0.2,0.8883217274835759,0.1875,0.7026667368483015,0.3125,-0.20411498756061877,0.53125,True,1.5964231815900038
Talia,S09,0.2,0.4472957872225441,0.1875,0.30151823008070017,0.4375,-0.25806281694821964,0.65625,False,-0.3880161744154092
Talia,S10,0.2,-1.0774893938969663,0.6875,0.6176025571558349,0.3125,0.907914861652041,0.34375,False,0.8050341427986372
Talia,S11,0.2,0.45766658824806866,0.3125,1.3224848227491337,0.1875,0.8808717610881535,0.21875,False,0.9843582329013923
Talia,S12,0.2,0.5585165653191453,0.3125,0.512379495926314,0.3125,0.1903013176948877,0.46875,False,0.375274512071759
Talia,S13,0.2,0.9801211439035991,0.1875,0.7724255801873224,0.3125,-1.0131085068230037,0.78125,False,-0.18168601226461217
Talia,S14,0.2,-1.1550820140283213,0.9375,0.5094058328842122,0.3125,1.5248651199190755,0.03125,True,1.1305204052268956
Talia,S15,0.2,1.015354296290381,0.1875,0.6382169521934403,0.4375,1.4923052254177804,0.09375,False,0.4550780878853542
Angelique,S02,0.3,1.4140450820154578,0.046875,0.9725169151429413,0.171875,1.6552069957488609,0.0546875,False,0.34418755206279467
Angelique,S03,0.3,1.4389688519995298,0.046875,1.433843657025827,0.109375,1.851679357282787,0.0390625,True,2.2084544470981453
Angelique,S04,0.3,1.5825610161191728,0.078125,2.213906193575439,0.015625,2.0870709131139416,0.0234375,True,2.866087808960125
Angelique,S05,0.3,2.1418154061762524,0.015625,1.9856294141749036,0.015625,2.2510725243212573,0.0078125,True,2.1513143623146354
Angelique,S07,0.3,1.9731042591271577,0.015625,0.5407898775328406,0.265625,0.07415211868304221,0.4453125,True,2.186094224625534
Angelique,S08,0.3,1.9793665542876908,0.046875,1.493410126980788,0.078125,1.4798292407489773,0.0546875,True,2.6447306726610744
Angelique,S09,0.3,2.131157005158338,0.015625,1.5839343447868723,0.015625,1.6244015332302724,0.0546875,True,2.5234309459274793
Angelique,S10,0.3,2.879670065109116,0.015625,2.0989970971537306,0.015625,1.90448020831305,0.0390625,True,1.4784274339592791
Angelique,S11,0.3,1.2701312604588673,0.078125,2.079712398672564,0.015625,1.631877073653723,0.0546875,True,2.1795742718725233
Angelique,S13,0.3,2.364410930569308,0.015625,1.7422949747674188,0.015625,1.8445601200274049,0.0546875,True,2.953034149865653
Angelique,S15,0.3,0.5406362660387143,0.234375,1.1366660790441963,0.140625,0.9670560581725077,0.1796875,False,1.3919898255034946
Angelique,S16,0.3,0.8466762729997233,0.171875,0.3876536310271004,0.421875,1.0689185367036085,0.140625,True,1.2877095050498202
Angelique,S18,0.3,1.74515186689096,0.078125,1.0994157080706508,0.109375,1.4892011879376637,0.0859375,True,1.68545896443151
Angelique,S19,0.3,2.818822479304706,0.015625,1.9614258346574653,0.015625,1.8321857019707002,0.0546875,False,0.4267868382397777
Angelique,S21,0.3,3.125936097915639,0.015625,2.22541418464118,0.015625,2.030493072969367,0.0078125,True,1.6740089130772502
Angelique,S22,0.3,0.09958875288041057,0.484375,1.8653100439172436,0.015625,2.097620580033839,0.0234375,True,1.8247417923505562
Angelique,S23,0.3,0.9791739473726437,0.171875,1.5526300102479385,0.046875,0.9978485806733269,0.1484375,False,1.7036368104606627
Angelique,S24,0.3,1.7598564509422334,0.078125,1.7657398040735606,0.046875,1.7392886445478521,0.0390625,False,0.1881076194157422
Angelique,S25,0.3,2.430832098621078,0.015625,1.6263792645830382,0.015625,1.6916274033961831,0.0390625,True,2.4206596825189846
Angelique,S26,0.3,2.464200990045305,0.015625,0.6998367593867257,0.234375,0.8928920797798148,0.2109375,False,-1.134249677631234
Angelique,S27,0.3,2.152060410880815,0.015625,2.5688094530127437,0.015625,1.8631334155641812,0.0078125,True,2.8775628896657026
Angelique,S28,0.3,1.041752953783365,0.203125,0.8079271323064471,0.203125,1.4303132330288943,0.0859375,True,2.0498435038096696
Angelique,S29,0.3,1.6899358520021859,0.015625,1.5752791681937701,0.046875,1.8281139321742976,0.0234375,True,2.625687340871139
Angelique,S31,0.3,2.834605611695928,0.015625,2.18015863318338,0.015625,2.02866046890431,0.0234375,True,3.0839809561367715
Angelique,S32,0.3,2.6080383409290158,0.015625,1.9761139440722042,0.015625,1.6281735865122764,0.0546875,True,2.3220164981625437
Angelique,S33,0.3,1.5340324055965604,0.078125,1.414078118632598,0.078125,1.16027240374138,0.1328125,False,0.9550117796803629
Angelique,S34,0.3,2.3008554280306908,0.015625,1.3185571385754682,0.109375,1.1056608903433716,0.1796875,False,-0.3967948578328575
Angelique,S35,0.3,1.9366474801455986,0.015625,1.3271518137417706,0.078125,1.8068978208042596,0.0234375,False,2.072004249130823
Angelique,S37,0.3,2.578367256518469,0.015625,1.4967460211518555,0.078125,1.7381338113255675,0.0078125,True,2.52202119735113
Angelique,S38,0.3,1.3019779967323712,0.109375,1.3047328808098837,0.109375,1.5459149463859292,0.0703125,False,2.235529148968214
Talia,S01,0.3,1.8086158724537913,0.0625,1.1899910641391287,0.0625,1.5865652645703765,0.09375,True,2.0602035735436623
Talia,S02,0.3,0.02971490725776243,0.4375,1.041017204467706,0.0625,-1.1101833435031272,0.84375,False,0.05340065606405952
Talia,S03,0.3,1.2213808144461868,0.1875,1.1005731085877297,0.1875,1.6825757252483973,0.03125,False,2.080562134907398
Talia,S04,0.3,1.3888837583620612,0.1875,0.049208462930773536,0.4375,1.6750658125588154,0.03125,False,0.1061115622762474
Talia,S05,0.3,-0.0933665646333201,0.5625,0.05861119983113126,0.5625,0.11330478209056159,0.46875,True,1.406199965411784
Talia,S06,0.3,-1.6049646149485197,0.9375,0.411415929816047,0.4375,1.708563682930378,0.03125,False,0.212946206191696
Talia,S07,0.3,-0.37013798373495793,0.5625,-0.301320246898085,0.5625,0.9248451631427735,0.21875,False,-0.4487072878123877
Talia,S08,0.3,1.4395988213190885,0.0625,1.1153925151530046,0.0625,0.8849926022611638,0.15625,True,1.7945059242881252
Talia,S09,0.3,0.701792659071425,0.1875,0.34444659719476883,0.4375,0.03318793868012475,0.46875,False,1.2839113684509507
Talia,S10,0.3,-0.3367278202885801,0.6875,0.9749300220946508,0.1875,1.219174093286155,0.09375,False,1.2207990131481188
Talia,S11,0.3,0.7119510823095165,0.1875,1.5040144974278504,0.1875,1.1697787676282947,0.15625,False,1.0568899876442779
Talia,S12,0.3,1.1779154858019667,0.1875,0.7348290749147225,0.3125,0.8057907199744022,0.28125,True,1.7497666007685333
Talia,S13,0.3,2.256542837324137,0.0625,1.235108535906868,0.1875,-0.10325085546984487,0.53125,True,1.4394035668496354
Talia,S14,0.3,-0.12130471698378971,0.3125,0.9192429490522842,0.3125,1.6820777879122364,0.03125,True,1.7913112370967021
Talia,S15,0.3,1.1156060259621785,0.1875,0.9626127356399872,0.1875,1.6809880004458138,0.03125,False,1.2157958236375865
Angelique,S02,0.5,2.899519851145939,0.015625,1.876985073377997,0.015625,2.1850842649561324,0.0078125,True,1.5551821732867184
Angelique,S03,0.5,2.941966127294931,0.015625,2.1664856776828776,0.015625,2.2103576000347545,0.0078125,True,2.3541261312881168
Angelique,S04,0.5,2.7168340466524143,0.015625,2.3020990936685277,0.015625,2.3577803713203016,0.0078125,True,2.292089707796099
Angelique,S05,0.5,2.9303006103766887,0.015625,2.0970443672462067,0.015625,2.3638682011167425,0.0078125,True,2.3022759130166888
Angelique,S07,0.5,3.025910525250926,0.015625,1.2298506160958673,0.140625,1.0327768819057201,0.1484375,True,2.115415167569121
Angelique,S08,0.5,3.0883874425737448,0.015625,2.15830011160009,0.015625,2.080177359739722,0.0078125,True,2.278502700674308
Angelique,S09,0.5,3.115345457487134,0.015625,1.9348827035715992,0.015625,2.212521927686849,0.0078125,True,2.1253999504408814
Angelique,S10,0.5,3.062800767462667,0.015625,2.067290711872093,0.015625,2.2494890490186696,0.0078125,True,1.452516911484779
Angelique,S11,0.5,2.4750511130344703,0.015625,2.024198143622171,0.015625,2.1731763047098744,0.0078125,True,2.0830555897163445
Angelique,S13,0.5,2.949037407508016,0.015625,1.8951884661991545,0.015625,2.214944024536536,0.0078125,True,1.7332910144670048
Angelique,S15,0.5,2.4990744200086223,0.015625,1.7991685599326606,0.015625,1.907266011724408,0.0234375,True,2.6387267801883554
Angelique,S16,0.5,2.5895438259958166,0.015625,1.3655942956660692,0.015625,1.7679855066046761,0.046875,True,1.5875079795338491
Angelique,S18,0.5,2.931254743167187,0.015625,1.5808648705021706,0.015625,2.152789084243216,0.0078125,True,1.7306400250472362
Angelique,S19,0.5,2.963630281961831,0.015625,2.028359999737255,0.015625,2.3007940788992265,0.0078125,True,1.8212667550608246
Angelique,S21,0.5,3.083837564305353,0.015625,2.198504593653552,0.015625,2.2621568001418617,0.0078125,True,2.0794640866630196
Angelique,S22,0.5,2.6835802362021135,0.015625,2.1655802675515368,0.015625,2.37455992133405,0.0078125,True,2.522640027033231
Angelique,S23,0.5,2.670986061630251,0.015625,2.0915731116966434,0.015625,1.9898126784244756,0.0234375,True,2.323025343276093
Angelique,S24,0.5,2.6330424745020102,0.015625,1.956378091501319,0.015625,2.26332905358927,0.0078125,True,1.8770587146998148
Angelique,S25,0.5,2.8964874579194846,0.015625,1.9379113152210123,0.015625,2.3195227692519413,0.0078125,True,1.998164726460462
Angelique,S26,0.5,3.10163719744921,0.015625,1.9933076659771043,0.015625,2.112792739925908,0.0234375,False,1.1574072402661155
Angelique,S27,0.5,2.8273273561075025,0.015625,2.311959447598326,0.015625,2.306205575896404,0.0078125,True,2.2430510184152026
Angelique,S28,0.5,2.480387694459272,0.015625,1.7248287236475812,0.015625,2.16912992315811,0.0078125,True,2.4554689034682444
Angelique,S29,0.5,2.719162558777131,0.015625,2.1703273880993383,0.015625,2.2332790459197387,0.0078125,True,2.3189599073139955
Angelique,S31,0.5,3.1888041924022312,0.015625,2.086820279718033,0.015625,2.334298725868145,0.0078125,True,1.8783956769830137
Angelique,S32,0.5,3.181926723697539,0.015625,2.0174347961706647,0.015625,2.2241344742557683,0.0078125,True,2.116790270820749
Angelique,S33,0.5,2.893296679744982,0.015625,2.1823643088589084,0.015625,2.025073118036489,0.0078125,True,1.9341867668863386
Angelique,S34,0.5,2.9107121163769527,0.015625,1.5568402360943836,0.078125,1.9243548447099574,0.0078125,True,1.4649858208805833
Angelique,S35,0.5,3.0925157155668264,0.015625,1.979046361403236,0.015625,2.2078804937463326,0.0078125,True,1.4400876275111587
Angelique,S37,0.5,3.124380413320499,0.015625,1.9423838401906774,0.015625,2.2210572533888873,0.0078125,True,2.228399525155876
Angelique,S38,0.5,2.9345792916855062,0.015625,1.983573156760557,0.015625,2.168103841943341,0.0078125,True,2.258413764714554
Talia,S01,0.5,2.3171610058618266,0.0625,1.5748719123263084,0.0625,1.8588650965166291,0.03125,True,1.802470119057193
Talia,S02,0.5,1.4165215730139928,0.0625,1.3380201375535266,0.0625,0.9362494700339066,0.21875,True,1.37159847571368
Talia,S03,0.5,2.1506944177852443,0.0625,1.3667200402219821,0.0625,1.804894387798009,0.03125,True,1.9034619225974843
Talia,S04,0.5,2.0337192433761158,0.0625,0.4934844986110224,0.3125,1.8921327926932092,0.03125,True,1.7103469460542702
Talia,S05,0.5,2.07897501123409,0.0625,1.0668197074588357,0.1875,1.156932261573762,0.09375,True,1.7237368398194957
Talia,S06,0.5,0.7847320409673791,0.1875,1.1103597697743974,0.1875,1.8980937402898672,0.03125,False,1.2975237573784566
Talia,S07,0.5,1.1752264892231947,0.1875,0.6042262648964792,0.1875,1.4925477554084157,0.03125,True,1.032844260458745
Talia,S08,0.5,2.1374532573641183,0.0625,1.3988941136988304,0.0625,1.729688577308356,0.03125,True,1.5900218710764005
Talia,S09,0.5,2.042064624529395,0.0625,0.7542008372131249,0.1875,0.7844754118218977,0.28125,True,2.0056461231877023
Talia,S10,0.5,1.6911442694842065,0.0625,1.5039414173684693,0.0625,1.6210711881977973,0.03125,True,1.7092412915753512
Talia,S11,0.5,1.3905206705025772,0.1875,1.735017338122924,0.0625,1.584596689344015,0.09375,True,1.640770173109263
Talia,S12,0.5,1.9938897090255485,0.0625,1.2395370192021755,0.1875,1.5764836593416087,0.09375,True,2.0350521292949657
Talia,S13,0.5,2.1146407884295697,0.0625,1.6411728913673034,0.0625,1.529264835358225,0.09375,True,1.3474403116308338
Talia,S14,0.5,1.8899296555995113,0.0625,1.3247374756768917,0.0625,1.8366722827042041,0.03125,True,1.9904282054425522
Talia,S15,0.5,1.7907860666384114,0.0625,1.452384025913203,0.0625,1.8469455781812398,0.03125,True,2.193910821379732
