dataset,subject,block_id,stratum,y,learned_diff,learned_mean,roi_diff,roi_mean,eig
Angelique,S02,epbin_Dig_1F_C1 21 rr icfilt ica ep1 but chanlocs chansel chanlabels S02.csv,Dig|1F,0,0.4827298729757146,1.2774945622845455,0.6513422068917468,0.2454708583376486,0.00261751227834437
Angelique,S02,epbin_Dig_1F_Par 11 rr icfilt ica ep1 but chanlocs chansel chanlabels S02.csv,Dig|1F,1,0.34384641433308477,1.3934842105457912,0.5131789824508736,0.27622301066133803,0.00261751227834437
Angelique,S02,epbin_Dig_20F_Atp_C1 23 rr icfilt ica ep1 but chanlocs chansel chanlabels S02.csv,Dig|20F/A,0,0.4939358873826252,1.6045006956359207,0.6935682888616276,0.6866330207994714,0.00261751227834437
Angelique,S02,epbin_Dig_20F_Atp_Par 13 rr icfilt ica ep1 but chanlocs chansel chanlabels S02.csv,Dig|20F/A,1,0.9881332721239263,1.8350248821568595,0.8404132805113859,0.8135365882466516,0.00261751227834437
Angelique,S02,epbin_Dig_20F_Std_C1 22 rr icfilt ica ep1 but chanlocs chansel chanlabels S02.csv,Dig|20F/S,0,0.2909812563945558,2.117107087288151,0.2608682088430709,0.9597937984785452,0.00261751227834437
Angelique,S02,epbin_Dig_20F_Std_Par 12 rr icfilt ica ep1 but chanlocs chansel chanlabels S02.csv,Dig|20F/S,1,0.5894804780863757,2.143360640265029,0.2831315745433,0.9694005026257175,0.00261751227834437
Angelique,S02,epbin_NumWoGE_1F_C1 24 rr icfilt ica ep1 but chanlocs chansel chanlabels S02.csv,NumWoGE|1F,0,0.5320255661693405,2.413060905545208,0.9343149409598039,0.3822759650951333,0.00261751227834437
Angelique,S02,epbin_NumWoGE_1F_Par 14 rr icfilt ica ep1 but chanlocs chansel chanlabels S02.csv,NumWoGE|1F,1,0.9395637976482842,2.0076003707884706,0.9716276651814659,0.37163521624894513,0.00261751227834437
Angelique,S02,epbin_NumWoGE_20F_Atp_C1 26 rr icfilt ica ep1 but chanlocs chansel chanlabels S02.csv,NumWoGE|20F/A,0,0.8531844793496631,2.2547144671862007,0.24869454866088822,0.5829906228572713,0.00261751227834437
Angelique,S02,epbin_NumWoGE_20F_Atp_Par 16 rr icfilt ica ep1 but chanlocs chansel chanlabels S02.csv,NumWoGE|20F/A,1,0.40740981115376057,2.946853268757135,0.7532828108864418,0.8020819740112246,0.00261751227834437
Angelique,S02,epbin_NumWoGE_20F_Std_C1 25 rr icfilt ica ep1 but chanlocs chansel chanlabels S02.csv,NumWoGE|20F/S,0,0.6392315069750223,2.079756021790355,0.41795635685893484,0.5413631591696553,0.00261751227834437
Angelique,S02,epbin_NumWoGE_20F_Std_Par 15 rr icfilt ica ep1 but chanlocs chansel chanlabels S02.csv,NumWoGE|20F/S,1,0.6979631407430292,2.4111536793287103,0.9832554708960128,0.7938502021070619,0.00261751227834437
Angelique,S03,epbin_Dig_1F_C1 21 rr fixF8 ica ep1 but chanlocs chansel chanlabels S03.csv,Dig|1F,0,0.1751851135350463,1.280381100566164,0.374890615513407,0.3407575649948334,0.0025069158348893067
Angelique,S03,epbin_Dig_1F_Par 11 rr fixF8 ica ep1 but chanlocs chansel chanlabels S03.csv,Dig|1F,1,0.42492269090912493,1.339131550616924,0.37277188859458427,0.4541349373532078,0.0025069158348893067
Angelique,S03,epbin_Dig_20F_Atp_C1 23 rr fixF8 ica ep1 but chanlocs chansel chanlabels S03.csv,Dig|20F/A,0,0.3105472267874294,1.4120101166146661,0.20627342287098385,0.28913986628663396,0.0025069158348893067
Angelique,S03,epbin_Dig_20F_Atp_Par 13 rr fixF8 ica ep1 but chanlocs chansel chanlabels S03.csv,Dig|20F/A,1,0.4271150025392578,1.4796829493405346,0.4099268543630921,0.3403430938184268,0.0025069158348893067
Angelique,S03,epbin_Dig_20F_Std_C1 22 rr fixF8 ica ep1 but chanlocs chansel chanlabels S03.csv,Dig|20F/S,0,0.23593072245711663,1.8033434732036273,0.15849546116750424,0.393907964836991,0.0025069158348893067
Angelique,S03,epbin_Dig_20F_Std_Par 12 rr fixF8 ica ep1 but chanlocs chansel chanlabels S03.csv,Dig|20F/S,1,0.34273728243104334,1.7650497430205279,0.3545177164401129,0.39477067274836153,0.0025069158348893067
Angelique,S03,epbin_NumWoGE_1F_C1 24 rr fixF8 ica ep1 but chanlocs chansel chanlabels S03.csv,NumWoGE|1F,0,0.2439751052630434,0.9541458428898718,0.17251254571037178,0.39189644697525805,0.0025069158348893067
Angelique,S03,epbin_NumWoGE_1F_Par 14 rr fixF8 ica ep1 but chanlocs chansel chanlabels S03.csv,NumWoGE|1F,1,0.39330630074075146,0.8897378120708598,0.16658424883065567,0.35005789312358904,0.0025069158348893067
Angelique,S03,epbin_NumWoGE_20F_Atp_C1 26 rr fixF8 ica ep1 but chanlocs chansel chanlabels S03.csv,NumWoGE|20F/A,0,0.33958863175434134,0.7302009215160407,0.389634628111185,0.29323279502247646,0.0025069158348893067
Angelique,S03,epbin_NumWoGE_20F_Atp_Par 16 rr fixF8 ica ep1 but chanlocs chansel chanlabels S03.csv,NumWoGE|20F/A,1,0.2917562013601154,0.5065114614271806,0.25357237523307696,0.4060243671663595,0.0025069158348893067
Angelique,S03,epbin_NumWoGE_20F_Std_C1 25 rr fixF8 ica ep1 but chanlocs chansel chanlabels S03.csv,NumWoGE|20F/S,0,0.3666320093109668,0.7278147787751944,0.20824084581808908,0.24978532949543608,0.0025069158348893067
Angelique,S03,epbin_NumWoGE_20F_Std_Par 15 rr fixF8 ica ep1 but chanlocs chansel chanlabels S03.csv,NumWoGE|20F/S,1,0.42942099739783424,0.724434102700062,0.38270686217169375,0.21655748796992333,0.0025069158348893067
Angelique,S04,epbin_Dig_1F_C1 21 rr ica ep1 but chanlocs chansel chanlabels S04.csv,Dig|1F,0,0.4270601905582462,2.05680032411373,0.552818390577536,0.8703672485022164,0.0015875190875608576
Angelique,S04,epbin_Dig_1F_Par 11 rr ica ep1 but chanlocs chansel chanlabels S04.csv,Dig|1F,1,0.4608625339479364,2.013199475248676,0.5043693137123237,0.907342143876086,0.0015875190875608576
Angelique,S04,epbin_Dig_20F_Atp_C1 23 rr ica ep1 but chanlocs chansel chanlabels S04.csv,Dig|20F/A,0,0.32051369001939445,3.1425754308114913,0.5310449292547338,1.4229519825342956,0.0015875190875608576
Angelique,S04,epbin_Dig_20F_Atp_Par 13 rr ica ep1 but chanlocs chansel chanlabels S04.csv,Dig|20F/A,1,0.23475614494852856,3.1093609052572493,0.4146204033318214,1.4201210896582748,0.0015875190875608576
Angelique,S04,epbin_Dig_20F_Std_C1 22 rr ica ep1 but chanlocs chansel chanlabels S04.csv,Dig|20F/S,0,0.3380062621516071,3.4404360137618184,0.3681847466286123,1.4538063874433247,0.0015875190875608576
Angelique,S04,epbin_Dig_20F_Std_Par 12 rr ica ep1 but chanlocs chansel chanlabels S04.csv,Dig|20F/S,1,0.3124623473421165,3.523530402396368,0.3439444869062529,1.5432869076345963,0.0015875190875608576
Angelique,S04,epbin_NumWoGE_1F_C1 24 rr ica ep1 but chanlocs chansel chanlabels S04.csv,NumWoGE|1F,0,1.2405712135527767,2.471247948744745,1.2900447006290297,1.0371305622237623,0.0015875190875608576
Angelique,S04,epbin_NumWoGE_1F_Par 14 rr ica ep1 but chanlocs chansel chanlabels S04.csv,NumWoGE|1F,1,0.5665771362538692,2.4478111623963956,0.6166030138547269,1.0148697656915637,0.0015875190875608576
Angelique,S04,epbin_NumWoGE_20F_Atp_C1 26 rr ica ep1 but chanlocs chansel chanlabels S04.csv,NumWoGE|20F/A,0,0.46174936912978704,4.190509233268461,0.3624248487919918,2.151065830516241,0.0015875190875608576
Angelique,S04,epbin_NumWoGE_20F_Atp_Par 16 rr ica ep1 but chanlocs chansel chanlabels S04.csv,NumWoGE|20F/A,1,0.4258169238914262,4.308843516738445,0.3429945406269671,2.232522502351004,0.0015875190875608576
Angelique,S04,epbin_NumWoGE_20F_Std_C1 25 rr ica ep1 but chanlocs chansel chanlabels S04.csv,NumWoGE|20F/S,0,0.7108007622769805,3.697429835556415,0.4549947708646203,1.4492264607323153,0.0015875190875608576
Angelique,S04,epbin_NumWoGE_20F_Std_Par 15 rr ica ep1 but chanlocs chansel chanlabels S04.csv,NumWoGE|20F/S,1,0.4435550845008397,3.613842767036576,0.7734162842321374,1.5294372057820933,0.0015875190875608576
Angelique,S05,epbin_Dig_1F_C1 21 rr icfilt ica ep1 but chanlocs chansel chanlabels S05.csv,Dig|1F,0,0.4645432253875534,0.7920251082983625,0.5444561845590477,0.490585997457841,0.003665891857841537
Angelique,S05,epbin_Dig_1F_Par 11 rr icfilt ica ep1 but chanlocs chansel chanlabels S05.csv,Dig|1F,1,0.3618095147233615,0.7508333279134707,0.3192726614588484,0.582736824281976,0.003665891857841537
Angelique,S05,epbin_Dig_20F_Atp_C1 23 rr icfilt ica ep1 but chanlocs chansel chanlabels S05.csv,Dig|20F/A,0,0.2892095077379653,1.0043813132466197,0.5075651621685174,0.5028811933242784,0.003665891857841537
Angelique,S05,epbin_Dig_20F_Atp_Par 13 rr icfilt ica ep1 but chanlocs chansel chanlabels S05.csv,Dig|20F/A,1,0.26135064295636085,1.0429107250163068,0.3674105955263216,0.5663798266897148,0.003665891857841537
Angelique,S05,epbin_Dig_20F_Std_C1 22 rr icfilt ica ep1 but chanlocs chansel chanlabels S05.csv,Dig|20F/S,0,0.37407706150327746,1.1925245821573287,0.3517292538897904,0.5213012047971877,0.003665891857841537
Angelique,S05,epbin_Dig_20F_Std_Par 12 rr icfilt ica ep1 but chanlocs chansel chanlabels S05.csv,Dig|20F/S,1,0.395548660724161,1.4205978057204351,0.5007603854224265,0.7892535599699585,0.003665891857841537
Angelique,S05,epbin_NumWoGE_1F_C1 24 rr icfilt ica ep1 but chanlocs chansel chanlabels S05.csv,NumWoGE|1F,0,0.6026168270239826,0.8183758222263317,0.8492604354476893,0.5108397859557671,0.003665891857841537
Angelique,S05,epbin_NumWoGE_1F_Par 14 rr icfilt ica ep1 but chanlocs chansel chanlabels S05.csv,NumWoGE|1F,1,0.6348591799900999,0.48961482850223353,0.41996957274913316,0.32154257053064284,0.003665891857841537
Angelique,S05,epbin_NumWoGE_20F_Atp_C1 26 rr icfilt ica ep1 but chanlocs chansel chanlabels S05.csv,NumWoGE|20F/A,0,0.3467987556125323,1.3464352043698473,0.5075503029167391,0.6184440046214014,0.003665891857841537
Angelique,S05,epbin_NumWoGE_20F_Atp_Par 16 rr icfilt ica ep1 but chanlocs chansel chanlabels S05.csv,NumWoGE|20F/A,1,0.4980633335607609,1.518328329869386,0.5399021263674805,0.6737594659637307,0.003665891857841537
Angelique,S05,epbin_NumWoGE_20F_Std_C1 25 rr icfilt ica ep1 but chanlocs chansel chanlabels S05.csv,NumWoGE|20F/S,0,0.5968972440016719,1.552152075089879,0.5743270601266772,0.8334190331182538,0.003665891857841537
Angelique,S05,epbin_NumWoGE_20F_Std_Par 15 rr icfilt ica ep1 but chanlocs chansel chanlabels S05.csv,NumWoGE|20F/S,1,0.4384626814026738,1.4605337513663803,0.5034101223229289,0.6966197850291176,0.003665891857841537
Angelique,S07,epbin_Dig_1F_C1 21 rr icfilt ica ep1 but chanlocs chansel chanlabels S07.csv,Dig|1F,0,0.3431147912294832,2.0545220614319772,0.5088009597580097,0.9923555066083496,0.0037922171841844932
Angelique,S07,epbin_Dig_1F_Par 11 rr icfilt ica ep1 but chanlocs chansel chanlabels S07.csv,Dig|1F,1,0.2728325963443198,2.1034582280350245,0.39668646078822173,1.1762667489625003,0.0037922171841844932
Angelique,S07,epbin_Dig_20F_Atp_C1 23 rr icfilt ica ep1 but chanlocs chansel chanlabels S07.csv,Dig|20F/A,0,0.13711886784491478,1.6943248473289916,0.3823890758084077,1.254543022087706,0.0037922171841844932
Angelique,S07,epbin_Dig_20F_Atp_Par 13 rr icfilt ica ep1 but chanlocs chansel chanlabels S07.csv,Dig|20F/A,1,0.2873120203348513,2.0090609001239135,0.27164140068080167,1.3204182943436933,0.0037922171841844932
Angelique,S07,epbin_Dig_20F_Std_C1 22 rr icfilt ica ep1 but chanlocs chansel chanlabels S07.csv,Dig|20F/S,0,0.3352779003045357,1.8707983104065382,0.434674007978891,1.595454219255862,0.0037922171841844932
Angelique,S07,epbin_Dig_20F_Std_Par 12 rr icfilt ica ep1 but chanlocs chansel chanlabels S07.csv,Dig|20F/S,1,0.2761506932788949,1.9929214153431245,0.36498963775846216,1.5511640067599088,0.0037922171841844932
Angelique,S07,epbin_NumWoGE_1F_C1 24 rr icfilt ica ep1 but chanlocs chansel chanlabels S07.csv,NumWoGE|1F,0,0.3276909939120031,2.1920579873782824,0.28815285750824493,0.8581468205046046,0.0037922171841844932
Angelique,S07,epbin_NumWoGE_1F_Par 14 rr icfilt ica ep1 but chanlocs chansel chanlabels S07.csv,NumWoGE|1F,1,0.2752714170197673,2.3317635915137473,1.1677214510769738,0.947301086189974,0.0037922171841844932
Angelique,S07,epbin_NumWoGE_20F_Atp_C1 26 rr icfilt ica ep1 but chanlocs chansel chanlabels S07.csv,NumWoGE|20F/A,0,0.3840147725664323,2.1004519794118997,0.44165482921775245,1.0011867988890686,0.0037922171841844932
Angelique,S07,epbin_NumWoGE_20F_Atp_Par 16 rr icfilt ica ep1 but chanlocs chansel chanlabels S07.csv,NumWoGE|20F/A,1,0.3852606322341391,1.9718238864257691,0.8305360644935996,0.9430211106759097,0.0037922171841844932
Angelique,S07,epbin_NumWoGE_20F_Std_C1 25 rr icfilt ica ep1 but chanlocs chansel chanlabels S07.csv,NumWoGE|20F/S,0,0.40185362328433677,1.8813990256835806,0.32713767704479024,0.8994700456694491,0.0037922171841844932
Angelique,S07,epbin_NumWoGE_20F_Std_Par 15 rr icfilt ica ep1 but chanlocs chansel chanlabels S07.csv,NumWoGE|20F/S,1,0.556054505794024,2.026493063368822,0.8274073872417024,0.9007417462324621,0.0037922171841844932
Angelique,S08,epbin_Dig_1F_C1 21 rr fixPO8 icfilt ica ep1 but chanlocs chansel chanlabels S08.csv,Dig|1F,0,0.26070642404363525,1.0813443343765166,0.27408465017530104,0.4156124824300112,0.0024812334968612507
Angelique,S08,epbin_Dig_1F_Par 11 rr fixPO8 icfilt ica ep1 but chanlocs chansel chanlabels S08.csv,Dig|1F,1,0.49301796500273826,1.4085521139269355,0.5349608706830185,0.7519253704946272,0.0024812334968612507
Angelique,S08,epbin_Dig_20F_Atp_C1 23 rr fixPO8 icfilt ica ep1 but chanlocs chansel chanlabels S08.csv,Dig|20F/A,0,0.479123176511284,0.7724986276583732,0.4835110489244129,0.4328767591964316,0.0024812334968612507
Angelique,S08,epbin_Dig_20F_Atp_Par 13 rr fixPO8 icfilt ica ep1 but chanlocs chansel chanlabels S08.csv,Dig|20F/A,1,0.5521107936175109,1.0348355092614976,0.3937153101346912,0.4912412452426587,0.0024812334968612507
Angelique,S08,epbin_Dig_20F_Std_C1 22 rr fixPO8 icfilt ica ep1 but chanlocs chansel chanlabels S08.csv,Dig|20F/S,0,0.30919951391509987,1.4222468424648922,0.24229925389462575,0.8339395532359516,0.0024812334968612507
Angelique,S08,epbin_Dig_20F_Std_Par 12 rr fixPO8 icfilt ica ep1 but chanlocs chansel chanlabels S08.csv,Dig|20F/S,1,0.3100495310902053,1.7356722960852295,0.19002671690510697,0.8533570746116075,0.0024812334968612507
Angelique,S08,epbin_NumWoGE_1F_C1 24 rr fixPO8 icfilt ica ep1 but chanlocs chansel chanlabels S08.csv,NumWoGE|1F,0,0.30507377744535963,1.7154337010719893,0.288856134297577,0.7995331869268468,0.0024812334968612507
Angelique,S08,epbin_NumWoGE_1F_Par 14 rr fixPO8 icfilt ica ep1 but chanlocs chansel chanlabels S08.csv,NumWoGE|1F,1,0.37547493637131973,1.073977215429328,0.4414523506188609,0.3854750740482349,0.0024812334968612507
Angelique,S08,epbin_NumWoGE_20F_Atp_C1 26 rr fixPO8 icfilt ica ep1 but chanlocs chansel chanlabels S08.csv,NumWoGE|20F/A,0,0.2988136238722097,0.7871498782147356,0.28250659880512297,0.32252991685359717,0.0024812334968612507
Angelique,S08,epbin_NumWoGE_20F_Atp_Par 16 rr fixPO8 icfilt ica ep1 but chanlocs chansel chanlabels S08.csv,NumWoGE|20F/A,1,0.39660116843935095,1.0394658598707776,0.6607934455242906,0.4092706056122464,0.0024812334968612507
Angelique,S08,epbin_NumWoGE_20F_Std_C1 25 rr fixPO8 icfilt ica ep1 but chanlocs chansel chanlabels S08.csv,NumWoGE|20F/S,0,0.39724014393443574,1.3280008684114901,0.423030012491427,0.632853680097628,0.0024812334968612507
Angelique,S08,epbin_NumWoGE_20F_Std_Par 15 rr fixPO8 icfilt ica ep1 but chanlocs chansel chanlabels S08.csv,NumWoGE|20F/S,1,0.4868539120025849,1.3184797467434262,0.2962067779482147,0.7930892318963724,0.0024812334968612507
Angelique,S09,epbin_Dig_1F_C1 21 rr icfilt ica ep1 but chanlocs chansel chanlabels S09.csv,Dig|1F,0,0.4838882730352302,0.8567919461921634,0.28825085913896425,0.5567766228333307,0.0031337815350255343
Angelique,S09,epbin_Dig_1F_Par 11 rr icfilt ica ep1 but chanlocs chansel chanlabels S09.csv,Dig|1F,1,0.48803003163123004,1.1398182295855728,0.43259975557365654,0.504179705759643,0.0031337815350255343
Angelique,S09,epbin_Dig_20F_Atp_C1 23 rr icfilt ica ep1 but chanlocs chansel chanlabels S09.csv,Dig|20F/A,0,0.3756958632515965,1.1726844057201569,0.258188319467399,0.4593215804869136,0.0031337815350255343
Angelique,S09,epbin_Dig_20F_Atp_Par 13 rr icfilt ica ep1 but chanlocs chansel chanlabels S09.csv,Dig|20F/A,1,0.46811060913091274,0.9326397497281719,0.39063841968725094,0.37295482651063205,0.0031337815350255343
Angelique,S09,epbin_Dig_20F_Std_C1 22 rr icfilt ica ep1 but chanlocs chansel chanlabels S09.csv,Dig|20F/S,0,0.3859175952187821,1.720821514404756,0.15682726069648384,0.7406402825460681,0.0031337815350255343
Angelique,S09,epbin_Dig_20F_Std_Par 12 rr icfilt ica ep1 but chanlocs chansel chanlabels S09.csv,Dig|20F/S,1,0.1965118966670439,1.6146725246596485,0.31699171522788555,0.68698777631325,0.0031337815350255343
Angelique,S09,epbin_NumWoGE_1F_C1 24 rr icfilt ica ep1 but chanlocs chansel chanlabels S09.csv,NumWoGE|1F,0,0.5309286599969089,1.5354453332978106,0.40204721025038076,0.5060020715259859,0.0031337815350255343
Angelique,S09,epbin_NumWoGE_1F_Par 14 rr icfilt ica ep1 but chanlocs chansel chanlabels S09.csv,NumWoGE|1F,1,0.8038064122450019,1.6954526805127843,0.6455097115643206,0.6046480310804184,0.0031337815350255343
Angelique,S09,epbin_NumWoGE_20F_Atp_C1 26 rr icfilt ica ep1 but chanlocs chansel chanlabels S09.csv,NumWoGE|20F/A,0,0.21822299541675116,1.014370873820555,0.37079364534922526,0.392390053112521,0.0031337815350255343
Angelique,S09,epbin_NumWoGE_20F_Atp_Par 16 rr icfilt ica ep1 but chanlocs chansel chanlabels S09.csv,NumWoGE|20F/A,1,0.6117563196546629,0.4123092101868147,0.3947765265499463,0.3577681245023736,0.0031337815350255343
Angelique,S09,epbin_NumWoGE_20F_Std_C1 25 rr icfilt ica ep1 but chanlocs chansel chanlabels S09.csv,NumWoGE|20F/S,0,0.5200331619128938,1.3783233332375608,0.31854076234423706,0.32049789691979264,0.0031337815350255343
Angelique,S09,epbin_NumWoGE_20F_Std_Par 15 rr icfilt ica ep1 but chanlocs chansel chanlabels S09.csv,NumWoGE|20F/S,1,0.5881355177293222,1.5482973153384592,0.35015819562121486,0.38686441363248275,0.0031337815350255343
Angelique,S10,epbin_Dig_1F_C1 21 rr ica ep1 but chanlocs chansel chanlabels S10.csv,Dig|1F,0,0.23931207122234371,1.7744778144062876,0.4363933408853266,0.5611833736510817,0.003146419864304957
Angelique,S10,epbin_Dig_1F_Par 11 rr ica ep1 but chanlocs chansel chanlabels S10.csv,Dig|1F,1,0.5619537688696852,1.6329846666096788,0.604429865605011,0.5559958217874614,0.003146419864304957
Angelique,S10,epbin_Dig_20F_Atp_C1 23 rr ica ep1 but chanlocs chansel chanlabels S10.csv,Dig|20F/A,0,0.48719317204662765,2.7000936079278723,0.5438785564439478,1.228803890010128,0.003146419864304957
Angelique,S10,epbin_Dig_20F_Atp_Par 13 rr ica ep1 but chanlocs chansel chanlabels S10.csv,Dig|20F/A,1,0.5891125501857035,2.342186972278364,0.330598412357802,1.1174107998529912,0.003146419864304957
Angelique,S10,epbin_Dig_20F_Std_C1 22 rr ica ep1 but chanlocs chansel chanlabels S10.csv,Dig|20F/S,0,0.44573147795229506,2.344399797610907,0.2293429541423144,1.177291561268464,0.003146419864304957
Angelique,S10,epbin_Dig_20F_Std_Par 12 rr ica ep1 but chanlocs chansel chanlabels S10.csv,Dig|20F/S,1,0.22924634705051605,2.678399469817684,0.159453994174388,1.2638395976914734,0.003146419864304957
Angelique,S10,epbin_NumWoGE_1F_C1 24 rr ica ep1 but chanlocs chansel chanlabels S10.csv,NumWoGE|1F,0,0.5158186083351789,1.8634871356645004,0.8119613910929568,0.5157520638653542,0.003146419864304957
Angelique,S10,epbin_NumWoGE_1F_Par 14 rr ica ep1 but chanlocs chansel chanlabels S10.csv,NumWoGE|1F,1,0.6100713189574831,1.5248795665501789,0.6161862415724444,0.8260856500619909,0.003146419864304957
Angelique,S10,epbin_NumWoGE_20F_Atp_C1 26 rr ica ep1 but chanlocs chansel chanlabels S10.csv,NumWoGE|20F/A,0,0.3381349826493709,2.0471120793030657,0.5063884358186155,0.7225351177940957,0.003146419864304957
Angelique,S10,epbin_NumWoGE_20F_Atp_Par 16 rr ica ep1 but chanlocs chansel chanlabels S10.csv,NumWoGE|20F/A,1,0.20438078389915787,2.4357147515871027,0.4938285561715189,0.6357672313603893,0.003146419864304957
Angelique,S10,epbin_NumWoGE_20F_Std_C1 25 rr ica ep1 but chanlocs chansel chanlabels S10.csv,NumWoGE|20F/S,0,0.39331600093313435,2.155036945840402,0.5169284272111828,1.988333078659861,0.003146419864304957
Angelique,S10,epbin_NumWoGE_20F_Std_Par 15 rr ica ep1 but chanlocs chansel chanlabels S10.csv,NumWoGE|20F/S,1,0.6945934078123908,1.9903084268127016,0.6749459056181607,1.2470666389496854,0.003146419864304957
Angelique,S11,epbin_Dig_1F_C1 21 rr fixF7 icfilt ica ep1 but chanlocs chansel chanlabels S11.csv,Dig|1F,0,0.3483996864904709,3.0990861086375876,0.5691215697214276,1.2441297686984383,0.00290655409898257
Angelique,S11,epbin_Dig_1F_Par 11 rr fixF7 icfilt ica ep1 but chanlocs chansel chanlabels S11.csv,Dig|1F,1,0.42187613010829533,3.2478653673648994,0.25024373834054103,1.2489208672288516,0.00290655409898257
Angelique,S11,epbin_Dig_20F_Atp_C1 23 rr fixF7 icfilt ica ep1 but chanlocs chansel chanlabels S11.csv,Dig|20F/A,0,0.49036110943981676,3.6356257083112347,0.2930810309871347,2.031376938736079,0.00290655409898257
Angelique,S11,epbin_Dig_20F_Atp_Par 13 rr fixF7 icfilt ica ep1 but chanlocs chansel chanlabels S11.csv,Dig|20F/A,1,0.24000206467816906,3.832752283449947,0.22725688580474832,2.077077188741957,0.00290655409898257
Angelique,S11,epbin_Dig_20F_Std_C1 22 rr fixF7 icfilt ica ep1 but chanlocs chansel chanlabels S11.csv,Dig|20F/S,0,0.45378652933818087,4.160652246917439,0.17981794242597246,2.068192560428286,0.00290655409898257
Angelique,S11,epbin_Dig_20F_Std_Par 12 rr fixF7 icfilt ica ep1 but chanlocs chansel chanlabels S11.csv,Dig|20F/S,1,0.3799788896721532,4.355623024653993,0.6965914448125702,2.2322460792832355,0.00290655409898257
Angelique,S11,epbin_NumWoGE_1F_C1 24 rr fixF7 icfilt ica ep1 but chanlocs chansel chanlabels S11.csv,NumWoGE|1F,0,1.3002443135506703,2.6755033365482404,1.1642919112906154,0.9280172621166239,0.00290655409898257
Angelique,S11,epbin_NumWoGE_1F_Par 14 rr fixF7 icfilt ica ep1 but chanlocs chansel chanlabels S11.csv,NumWoGE|1F,1,0.6760883319036237,2.750639532332197,0.5709173357465306,0.9388266384998575,0.00290655409898257
Angelique,S11,epbin_NumWoGE_20F_Atp_C1 26 rr fixF7 icfilt ica ep1 but chanlocs chansel chanlabels S11.csv,NumWoGE|20F/A,0,0.47262085933592607,3.1282715042312734,0.503693628812863,1.349179438751808,0.00290655409898257
Angelique,S11,epbin_NumWoGE_20F_Atp_Par 16 rr fixF7 icfilt ica ep1 but chanlocs chansel chanlabels S11.csv,NumWoGE|20F/A,1,0.7686208825517962,3.31579076616847,0.7192706571171417,1.3300523123922152,0.00290655409898257
Angelique,S11,epbin_NumWoGE_20F_Std_C1 25 rr fixF7 icfilt ica ep1 but chanlocs chansel chanlabels S11.csv,NumWoGE|20F/S,0,0.48004400748021764,3.4861686153530487,0.42168880423351507,1.1442117995430225,0.00290655409898257
Angelique,S11,epbin_NumWoGE_20F_Std_Par 15 rr fixF7 icfilt ica ep1 but chanlocs chansel chanlabels S11.csv,NumWoGE|20F/S,1,0.5462367581982427,3.4432787232950672,0.5913441644713839,1.4549521993852796,0.00290655409898257
Angelique,S13,epbin_Dig_1F_C1 21 rr fixO1 icfilt ica ep1 but chanlocs chansel chanlabels S13.csv,Dig|1F,0,0.38756308243498383,1.7389288737135091,0.7714339150991808,0.7746588494297422,0.0028044776327315634
Angelique,S13,epbin_Dig_1F_Par 11 rr fixO1 icfilt ica ep1 but chanlocs chansel chanlabels S13.csv,Dig|1F,1,0.19478014919186104,2.018844829049681,0.5026322846596505,0.9508998671004878,0.0028044776327315634
Angelique,S13,epbin_Dig_20F_Atp_C1 23 rr fixO1 icfilt ica ep1 but chanlocs chansel chanlabels S13.csv,Dig|20F/A,0,0.396568143287868,2.1009122195515046,0.3759698683910443,0.8173037496748087,0.0028044776327315634
Angelique,S13,epbin_Dig_20F_Atp_Par 13 rr fixO1 icfilt ica ep1 but chanlocs chansel chanlabels S13.csv,Dig|20F/A,1,0.29840434757492684,2.2875966164923422,0.5035680917662586,0.898728682695205,0.0028044776327315634
Angelique,S13,epbin_Dig_20F_Std_C1 22 rr fixO1 icfilt ica ep1 but chanlocs chansel chanlabels S13.csv,Dig|20F/S,0,0.35669739648864657,2.121692558472048,0.32031046803862756,1.0449856441516323,0.0028044776327315634
Angelique,S13,epbin_Dig_20F_Std_Par 12 rr fixO1 icfilt ica ep1 but chanlocs chansel chanlabels S13.csv,Dig|20F/S,1,0.15222955285030484,2.143061512868439,0.3690574259605883,0.9346485606202358,0.0028044776327315634
Angelique,S13,epbin_NumWoGE_1F_C1 24 rr fixO1 icfilt ica ep1 but chanlocs chansel chanlabels S13.csv,NumWoGE|1F,0,0.33756758380259433,1.8211490585122325,0.4127252034223013,0.8000634801483165,0.0028044776327315634
Angelique,S13,epbin_NumWoGE_1F_Par 14 rr fixO1 icfilt ica ep1 but chanlocs chansel chanlabels S13.csv,NumWoGE|1F,1,0.5275170323978697,1.75716994426971,0.44624536413563076,0.6870437577369453,0.0028044776327315634
Angelique,S13,epbin_NumWoGE_20F_Atp_C1 26 rr fixO1 icfilt ica ep1 but chanlocs chansel chanlabels S13.csv,NumWoGE|20F/A,0,0.5919888568050002,1.7689838523801187,0.522781441094216,0.658041190224548,0.0028044776327315634
Angelique,S13,epbin_NumWoGE_20F_Atp_Par 16 rr fixO1 icfilt ica ep1 but chanlocs chansel chanlabels S13.csv,NumWoGE|20F/A,1,0.6429984616102213,1.9460742331804937,0.6600319304229542,0.7657923791771187,0.0028044776327315634
Angelique,S13,epbin_NumWoGE_20F_Std_C1 25 rr fixO1 icfilt ica ep1 but chanlocs chansel chanlabels S13.csv,NumWoGE|20F/S,0,0.43427862414775464,2.1490528413247016,0.3758733043715203,0.7772634863461627,0.0028044776327315634
Angelique,S13,epbin_NumWoGE_20F_Std_Par 15 rr fixO1 icfilt ica ep1 but chanlocs chansel chanlabels S13.csv,NumWoGE|20F/S,1,0.5224547949900172,1.9102366366293482,0.4713668645537638,0.6845017143854386,0.0028044776327315634
Angelique,S15,epbin_Dig_1F_C1 21 rr fixC5 ica ep1 but chanlocs chansel chanlabels S15.csv,Dig|1F,0,0.2823652341049276,2.546823347448881,0.43348044972345123,0.8446808112726667,0.00290211122243398
Angelique,S15,epbin_Dig_1F_Par 11 rr fixC5 ica ep1 but chanlocs chansel chanlabels S15.csv,Dig|1F,1,0.2171601197361104,2.4888793194818026,0.28070266150068274,0.8814714488656789,0.00290211122243398
Angelique,S15,epbin_Dig_20F_Atp_C1 23 rr fixC5 ica ep1 but chanlocs chansel chanlabels S15.csv,Dig|20F/A,0,0.35370597177820584,2.647497445255177,0.2606746418383866,0.5134252496808848,0.00290211122243398
Angelique,S15,epbin_Dig_20F_Atp_Par 13 rr fixC5 ica ep1 but chanlocs chansel chanlabels S15.csv,Dig|20F/A,1,0.1783816365985674,2.5741662390375772,0.31602111572666064,0.4708278047674816,0.00290211122243398
Angelique,S15,epbin_Dig_20F_Std_C1 22 rr fixC5 ica ep1 but chanlocs chansel chanlabels S15.csv,Dig|20F/S,0,0.2550694052740697,2.7814308558469274,0.36593881630341124,0.5812670666358087,0.00290211122243398
Angelique,S15,epbin_Dig_20F_Std_Par 12 rr fixC5 ica ep1 but chanlocs chansel chanlabels S15.csv,Dig|20F/S,1,0.24160145971052016,2.6505340254034735,0.34640698017782395,0.5618853730071152,0.00290211122243398
Angelique,S15,epbin_NumWoGE_1F_C1 24 rr fixC5 ica ep1 but chanlocs chansel chanlabels S15.csv,NumWoGE|1F,0,0.4275647118672279,3.225013796482662,0.2676838833905619,1.0934492567468055,0.00290211122243398
Angelique,S15,epbin_NumWoGE_1F_Par 14 rr fixC5 ica ep1 but chanlocs chansel chanlabels S15.csv,NumWoGE|1F,1,0.7772303728746119,3.13876868654278,0.623613134111287,1.2073896818512402,0.00290211122243398
Angelique,S15,epbin_NumWoGE_20F_Atp_C1 26 rr fixC5 ica ep1 but chanlocs chansel chanlabels S15.csv,NumWoGE|20F/A,0,0.6634822637918765,3.2395709712381393,0.334564406228639,1.0654889182226432,0.00290211122243398
Angelique,S15,epbin_NumWoGE_20F_Atp_Par 16 rr fixC5 ica ep1 but chanlocs chansel chanlabels S15.csv,NumWoGE|20F/A,1,0.6354848759016338,3.2784150247836945,0.8075308309899997,1.0499134166547317,0.00290211122243398
Angelique,S15,epbin_NumWoGE_20F_Std_C1 25 rr fixC5 ica ep1 but chanlocs chansel chanlabels S15.csv,NumWoGE|20F/S,0,0.32295385888477846,3.1710617085903463,0.26457759948639803,0.9214650074636677,0.00290211122243398
Angelique,S15,epbin_NumWoGE_20F_Std_Par 15 rr fixC5 ica ep1 but chanlocs chansel chanlabels S15.csv,NumWoGE|20F/S,1,0.8588246217369532,3.4255148784741767,0.6552078722456535,1.0918595063001804,0.00290211122243398
Angelique,S16,epbin_Dig_1F_C1 21 rr icfilt ica ep1 but chanlocs chansel chanlabels S16.csv,Dig|1F,0,0.264057383025236,3.354476349103363,0.5385896673086034,1.546486996261185,0.00643578546710321
Angelique,S16,epbin_Dig_1F_Par 11 rr icfilt ica ep1 but chanlocs chansel chanlabels S16.csv,Dig|1F,1,0.24706061437822588,2.8432597321900155,0.31298509988180795,1.2775131716378396,0.00643578546710321
Angelique,S16,epbin_Dig_20F_Atp_C1 23 rr icfilt ica ep1 but chanlocs chansel chanlabels S16.csv,Dig|20F/A,0,0.3191471089762815,1.7202237078913443,0.2698868950010846,1.0476872016352334,0.00643578546710321
Angelique,S16,epbin_Dig_20F_Atp_Par 13 rr icfilt ica ep1 but chanlocs chansel chanlabels S16.csv,Dig|20F/A,1,0.5415084955559074,2.1351864315727105,0.5988134556424871,1.281827874720756,0.00643578546710321
Angelique,S16,epbin_Dig_20F_Std_Par 12 rr icfilt ica ep1 but chanlocs chansel chanlabels S16.csv,Dig|20F/S,1,0.3561620508398813,2.8926016002819788,0.5210213951197432,1.7439929081990402,0.00643578546710321
Angelique,S16,epbin_NumWoGE_1F_C1 24 rr icfilt ica ep1 but chanlocs chansel chanlabels S16.csv,NumWoGE|1F,0,0.726560124870636,3.3982937964555133,0.7270162450830437,0.9407685378876833,0.00643578546710321
Angelique,S16,epbin_NumWoGE_1F_Par 14 rr icfilt ica ep1 but chanlocs chansel chanlabels S16.csv,NumWoGE|1F,1,0.7634604872276678,2.7226887542622813,0.5579140775213628,0.6850138588532437,0.00643578546710321
Angelique,S16,epbin_NumWoGE_20F_Atp_C1 26 rr icfilt ica ep1 but chanlocs chansel chanlabels S16.csv,NumWoGE|20F/A,0,0.479960653037534,2.233399218042912,0.27946013683053944,0.7705015181253185,0.00643578546710321
Angelique,S16,epbin_NumWoGE_20F_Atp_Par 16 rr icfilt ica ep1 but chanlocs chansel chanlabels S16.csv,NumWoGE|20F/A,1,1.3690829585317899,2.5239940955638986,0.9287969438538176,0.9014444998950595,0.00643578546710321
Angelique,S16,epbin_NumWoGE_20F_Std_C1 25 rr icfilt ica ep1 but chanlocs chansel chanlabels S16.csv,NumWoGE|20F/S,0,0.5865142799299524,3.114139044178851,0.4923118246892145,1.2340455208468648,0.00643578546710321
Angelique,S16,epbin_NumWoGE_20F_Std_Par 15 rr icfilt ica ep1 but chanlocs chansel chanlabels S16.csv,NumWoGE|20F/S,1,1.0916865607779953,2.4956655441903917,0.7602891286067821,0.9975284296460458,0.00643578546710321
Angelique,S18,epbin_Dig_1F_C1 21 rr ica ep1 but chanlocs chansel chanlabels S18.csv,Dig|1F,0,0.12448164274785305,0.9605857713743761,0.5509545666975387,0.38904864621195134,0.0021061637835734005
Angelique,S18,epbin_Dig_1F_Par 11 rr ica ep1 but chanlocs chansel chanlabels S18.csv,Dig|1F,1,0.37905446172920604,1.1553769800207336,0.2691140261242973,0.4686703198758426,0.0021061637835734005
Angelique,S18,epbin_Dig_20F_Atp_C1 23 rr ica ep1 but chanlocs chansel chanlabels S18.csv,Dig|20F/A,0,0.22627205310275056,1.0127742655512078,0.43638514591128585,0.6511165231335025,0.0021061637835734005
Angelique,S18,epbin_Dig_20F_Atp_Par 13 rr ica ep1 but chanlocs chansel chanlabels S18.csv,Dig|20F/A,1,0.340058018768152,1.1613642541507254,0.41555624851438816,0.6935540072057861,0.0021061637835734005
Angelique,S18,epbin_Dig_20F_Std_C1 22 rr ica ep1 but chanlocs chansel chanlabels S18.csv,Dig|20F/S,0,0.16231384434982443,0.983762322378393,0.3532269986230125,0.5691923378167009,0.0021061637835734005
Angelique,S18,epbin_Dig_20F_Std_Par 12 rr ica ep1 but chanlocs chansel chanlabels S18.csv,Dig|20F/S,1,0.2570872368483362,0.9227883059355528,0.4972265345190785,0.4844457628743312,0.0021061637835734005
Angelique,S18,epbin_NumWoGE_1F_C1 24 rr ica ep1 but chanlocs chansel chanlabels S18.csv,NumWoGE|1F,0,0.1656388672165044,0.5831207272265924,0.3292221871027747,0.17410076678040798,0.0021061637835734005
Angelique,S18,epbin_NumWoGE_1F_Par 14 rr ica ep1 but chanlocs chansel chanlabels S18.csv,NumWoGE|1F,1,0.14843532088664607,0.6074896243054371,0.35713062137488566,0.18414344622811865,0.0021061637835734005
Angelique,S18,epbin_NumWoGE_20F_Atp_C1 26 rr ica ep1 but chanlocs chansel chanlabels S18.csv,NumWoGE|20F/A,0,0.2502241049109105,0.913434296950908,0.3446565817021168,0.5088487911499737,0.0021061637835734005
Angelique,S18,epbin_NumWoGE_20F_Atp_Par 16 rr ica ep1 but chanlocs chansel chanlabels S18.csv,NumWoGE|20F/A,1,0.33852938867836707,0.8522579803037739,0.34168958461785953,0.42823801453142935,0.0021061637835734005
Angelique,S18,epbin_NumWoGE_20F_Std_C1 25 rr ica ep1 but chanlocs chansel chanlabels S18.csv,NumWoGE|20F/S,0,0.4779146923455079,0.7068692275274437,0.4227739856325083,0.27495391939810404,0.0021061637835734005
Angelique,S18,epbin_NumWoGE_20F_Std_Par 15 rr ica ep1 but chanlocs chansel chanlabels S18.csv,NumWoGE|20F/S,1,0.4456461093878405,0.8750983509866207,0.28396946812766105,0.36618796516455804,0.0021061637835734005
Angelique,S19,epbin_Dig_1F_C1 21 rr icfilt ica ep1 but chanlocs chansel chanlabels S19.csv,Dig|1F,0,0.23728405520289583,2.961750058591552,0.20205870489781969,1.1146987946820894,0.001987323413898472
Angelique,S19,epbin_Dig_1F_Par 11 rr icfilt ica ep1 but chanlocs chansel chanlabels S19.csv,Dig|1F,1,0.24270910207935634,2.977208803767635,0.6167436139365572,1.0216259640121417,0.001987323413898472
Angelique,S19,epbin_Dig_20F_Atp_C1 23 rr icfilt ica ep1 but chanlocs chansel chanlabels S19.csv,Dig|20F/A,0,0.4795270216972998,1.6879461274394096,0.2559368404894315,0.6987215595800157,0.001987323413898472
Angelique,S19,epbin_Dig_20F_Atp_Par 13 rr icfilt ica ep1 but chanlocs chansel chanlabels S19.csv,Dig|20F/A,1,0.1566659360916113,1.89961291932059,0.2533495940791673,0.8133416791451774,0.001987323413898472
Angelique,S19,epbin_Dig_20F_Std_C1 22 rr icfilt ica ep1 but chanlocs chansel chanlabels S19.csv,Dig|20F/S,0,0.4866087307023826,2.3778124916394514,0.5282226510510823,0.9518016262309473,0.001987323413898472
Angelique,S19,epbin_Dig_20F_Std_Par 12 rr icfilt ica ep1 but chanlocs chansel chanlabels S19.csv,Dig|20F/S,1,0.23916041894592618,2.4881317824077045,0.35643660359875784,0.8780920218516178,0.001987323413898472
Angelique,S19,epbin_NumWoGE_1F_C1 24 rr icfilt ica ep1 but chanlocs chansel chanlabels S19.csv,NumWoGE|1F,0,0.5529830605854026,2.084284983151071,0.7113349215945626,0.9832797437189802,0.001987323413898472
Angelique,S19,epbin_NumWoGE_1F_Par 14 rr icfilt ica ep1 but chanlocs chansel chanlabels S19.csv,NumWoGE|1F,1,0.5612730790231747,2.1110569259214027,0.7540602910112618,0.9294175318258585,0.001987323413898472
Angelique,S19,epbin_NumWoGE_20F_Atp_C1 26 rr icfilt ica ep1 but chanlocs chansel chanlabels S19.csv,NumWoGE|20F/A,0,0.22935370073618763,1.4578534470181215,0.5027492930785193,0.36805348475446475,0.001987323413898472
Angelique,S19,epbin_NumWoGE_20F_Atp_Par 16 rr icfilt ica ep1 but chanlocs chansel chanlabels S19.csv,NumWoGE|20F/A,1,0.3295245871142919,1.3622738909094776,0.34387528094497377,0.4372866742399789,0.001987323413898472
Angelique,S19,epbin_NumWoGE_20F_Std_C1 25 rr icfilt ica ep1 but chanlocs chansel chanlabels S19.csv,NumWoGE|20F/S,0,0.25390157556761644,1.8150528936292492,0.39910235224048773,0.6018083333035353,0.001987323413898472
Angelique,S19,epbin_NumWoGE_20F_Std_Par 15 rr icfilt ica ep1 but chanlocs chansel chanlabels S19.csv,NumWoGE|20F/S,1,0.2678574883271524,1.4354852988391005,0.24713654116345107,0.4947397215642653,0.001987323413898472
Angelique,S21,epbin_Dig_1F_C1 21 rr fixF7 icfilt ica ep1 but chanlocs chansel chanlabels S21.csv,Dig|1F,0,0.8787380433294463,1.4279170902459,1.1394351718697857,0.9268194881177829,0.003714156280039493
Angelique,S21,epbin_Dig_1F_Par 11 rr fixF7 icfilt ica ep1 but chanlocs chansel chanlabels S21.csv,Dig|1F,1,0.16818195318936202,1.9792587829565027,0.44874225481238655,1.2826438209625006,0.003714156280039493
Angelique,S21,epbin_Dig_20F_Atp_C1 23 rr fixF7 icfilt ica ep1 but chanlocs chansel chanlabels S21.csv,Dig|20F/A,0,0.3369118632392368,1.8718964221598249,0.30427635007565434,1.1412817104575481,0.003714156280039493
Angelique,S21,epbin_Dig_20F_Atp_Par 13 rr fixF7 icfilt ica ep1 but chanlocs chansel chanlabels S21.csv,Dig|20F/A,1,0.19976441445071816,1.900501729521302,0.2371771977072658,1.4502883950442722,0.003714156280039493
Angelique,S21,epbin_Dig_20F_Std_C1 22 rr fixF7 icfilt ica ep1 but chanlocs chansel chanlabels S21.csv,Dig|20F/S,0,0.24249487216339677,2.1305408650269877,0.28386678024197765,1.4332594345292173,0.003714156280039493
Angelique,S21,epbin_Dig_20F_Std_Par 12 rr fixF7 icfilt ica ep1 but chanlocs chansel chanlabels S21.csv,Dig|20F/S,1,0.43785876265266693,2.2794458950845304,0.4452157990700688,1.48465641965619,0.003714156280039493
Angelique,S21,epbin_NumWoGE_1F_C1 24 rr fixF7 icfilt ica ep1 but chanlocs chansel chanlabels S21.csv,NumWoGE|1F,0,0.9672488192618772,1.6288859111530927,0.9024398058922759,0.5760070750852974,0.003714156280039493
Angelique,S21,epbin_NumWoGE_1F_Par 14 rr fixF7 icfilt ica ep1 but chanlocs chansel chanlabels S21.csv,NumWoGE|1F,1,0.8357411054600659,1.4813879101610337,0.8291309886816692,0.7311516477573755,0.003714156280039493
Angelique,S21,epbin_NumWoGE_20F_Atp_C1 26 rr fixF7 icfilt ica ep1 but chanlocs chansel chanlabels S21.csv,NumWoGE|20F/A,0,0.406036038702483,2.0247616407233173,0.31505935206370433,0.733241665969076,0.003714156280039493
Angelique,S21,epbin_NumWoGE_20F_Atp_Par 16 rr fixF7 icfilt ica ep1 but chanlocs chansel chanlabels S21.csv,NumWoGE|20F/A,1,0.8513756815637301,2.2232340786174034,0.7670023783180573,0.7891295042147718,0.003714156280039493
Angelique,S21,epbin_NumWoGE_20F_Std_C1 25 rr fixF7 icfilt ica ep1 but chanlocs chansel chanlabels S21.csv,NumWoGE|20F/S,0,0.35134615841878303,1.7583553174174698,0.5642183397956715,0.4534080179740607,0.003714156280039493
Angelique,S21,epbin_NumWoGE_20F_Std_Par 15 rr fixF7 icfilt ica ep1 but chanlocs chansel chanlabels S21.csv,NumWoGE|20F/S,1,0.48674077657719583,2.051829348627946,0.3998916688665006,0.6293611458550291,0.003714156280039493
Angelique,S22,epbin_Dig_1F_C1 21 rr fixFC4 icfilt ica ep1 but chanlocs chansel chanlabels S22.csv,Dig|1F,0,0.28836012384224124,0.9490979178288496,0.30121825957559595,0.3102407895145147,0.0020509091686692965
Angelique,S22,epbin_Dig_1F_Par 11 rr fixFC4 icfilt ica ep1 but chanlocs chansel chanlabels S22.csv,Dig|1F,1,0.30945151414645367,0.9289328652920318,0.2641493843530372,0.5305703062998238,0.0020509091686692965
Angelique,S22,epbin_Dig_20F_Atp_C1 23 rr fixFC4 icfilt ica ep1 but chanlocs chansel chanlabels S22.csv,Dig|20F/A,0,0.1486142604205858,1.2668075502953802,0.2898779091913892,0.7702829026929902,0.0020509091686692965
Angelique,S22,epbin_Dig_20F_Atp_Par 13 rr fixFC4 icfilt ica ep1 but chanlocs chansel chanlabels S22.csv,Dig|20F/A,1,0.291917126624902,1.3533837897108811,0.32214765787109806,0.7261965397837028,0.0020509091686692965
Angelique,S22,epbin_Dig_20F_Std_C1 22 rr fixFC4 icfilt ica ep1 but chanlocs chansel chanlabels S22.csv,Dig|20F/S,0,0.22928063357982212,1.4558170586459196,0.3911123761260907,0.8223900417684928,0.0020509091686692965
Angelique,S22,epbin_Dig_20F_Std_Par 12 rr fixFC4 icfilt ica ep1 but chanlocs chansel chanlabels S22.csv,Dig|20F/S,1,0.2890329302542817,1.8218911195325258,0.21245314810238067,1.0647478980068152,0.0020509091686692965
Angelique,S22,epbin_NumWoGE_1F_C1 24 rr fixFC4 icfilt ica ep1 but chanlocs chansel chanlabels S22.csv,NumWoGE|1F,0,0.31742832655756414,0.7421331515586707,0.34300249001636807,0.33140518024916155,0.0020509091686692965
Angelique,S22,epbin_NumWoGE_1F_Par 14 rr fixFC4 icfilt ica ep1 but chanlocs chansel chanlabels S22.csv,NumWoGE|1F,1,0.23692235994998664,0.6548198576916774,0.26977329236294034,0.2885569609718166,0.0020509091686692965
Angelique,S22,epbin_NumWoGE_20F_Atp_C1 26 rr fixFC4 icfilt ica ep1 but chanlocs chansel chanlabels S22.csv,NumWoGE|20F/A,0,0.3384803846181558,0.8058014714672512,0.5323329350501562,0.28709459717845176,0.0020509091686692965
Angelique,S22,epbin_NumWoGE_20F_Atp_Par 16 rr fixFC4 icfilt ica ep1 but chanlocs chansel chanlabels S22.csv,NumWoGE|20F/A,1,0.18586266160099799,0.7494603009472092,0.22608559562407401,0.317460675798512,0.0020509091686692965
Angelique,S22,epbin_NumWoGE_20F_Std_C1 25 rr fixFC4 icfilt ica ep1 but chanlocs chansel chanlabels S22.csv,NumWoGE|20F/S,0,0.22149160179103786,0.7987656788089764,0.16570728494282555,0.3690055933875524,0.0020509091686692965
Angelique,S22,epbin_NumWoGE_20F_Std_Par 15 rr fixFC4 icfilt ica ep1 but chanlocs chansel chanlabels S22.csv,NumWoGE|20F/S,1,0.1738065371577593,0.6986109246593927,0.4738798032705001,0.37120185332387823,0.0020509091686692965
Angelique,S23,epbin_Dig_1F_C1 21 rr fixP2 fixP3 fixC3 icfilt ica ep1 but chanlocs chansel chanlabels S23.csv,Dig|1F,0,0.26031152365548593,1.0844586566452648,0.2641339755567844,0.5122079090019017,0.00227133737841607
Angelique,S23,epbin_Dig_1F_Par 11 rr fixP2 fixP3 fixC3 icfilt ica ep1 but chanlocs chansel chanlabels S23.csv,Dig|1F,1,0.2128444342017593,1.0579221697048213,0.42291290266796944,0.5292483102644808,0.00227133737841607
Angelique,S23,epbin_Dig_20F_Atp_C1 23 rr fixP2 fixP3 fixC3 icfilt ica ep1 but chanlocs chansel chanlabels S23.csv,Dig|20F/A,0,0.20449106033611603,1.1150488157177423,0.148217204644575,0.7236489925054115,0.00227133737841607
Angelique,S23,epbin_Dig_20F_Atp_Par 13 rr fixP2 fixP3 fixC3 icfilt ica ep1 but chanlocs chansel chanlabels S23.csv,Dig|20F/A,1,0.37267664414321167,1.0193104659420489,0.20181687770631032,0.6300735073543504,0.00227133737841607
Angelique,S23,epbin_Dig_20F_Std_C1 22 rr fixP2 fixP3 fixC3 icfilt ica ep1 but chanlocs chansel chanlabels S23.csv,Dig|20F/S,0,0.3682897046022211,1.0762912323473572,0.26623617212563466,0.6572468774352548,0.00227133737841607
Angelique,S23,epbin_Dig_20F_Std_Par 12 rr fixP2 fixP3 fixC3 icfilt ica ep1 but chanlocs chansel chanlabels S23.csv,Dig|20F/S,1,0.46190167974169155,1.1238579005401188,0.3298632582509223,0.7112775789213062,0.00227133737841607
Angelique,S23,epbin_NumWoGE_1F_C1 24 rr fixP2 fixP3 fixC3 icfilt ica ep1 but chanlocs chansel chanlabels S23.csv,NumWoGE|1F,0,0.3003058478547563,1.2731427914622317,0.20788280466991738,0.3372875841186057,0.00227133737841607
Angelique,S23,epbin_NumWoGE_1F_Par 14 rr fixP2 fixP3 fixC3 icfilt ica ep1 but chanlocs chansel chanlabels S23.csv,NumWoGE|1F,1,0.4632685876256446,1.3394611231656421,0.35084765149905,0.3946863045896278,0.00227133737841607
Angelique,S23,epbin_NumWoGE_20F_Atp_C1 26 rr fixP2 fixP3 fixC3 icfilt ica ep1 but chanlocs chansel chanlabels S23.csv,NumWoGE|20F/A,0,0.21847788693750267,1.4138414084892355,0.27787387380300965,0.47807620649347315,0.00227133737841607
Angelique,S23,epbin_NumWoGE_20F_Atp_Par 16 rr fixP2 fixP3 fixC3 icfilt ica ep1 but chanlocs chansel chanlabels S23.csv,NumWoGE|20F/A,1,0.3924320467387421,1.4114722922113048,0.40638025661219174,0.5910341988702033,0.00227133737841607
Angelique,S23,epbin_NumWoGE_20F_Std_C1 25 rr fixP2 fixP3 fixC3 icfilt ica ep1 but chanlocs chansel chanlabels S23.csv,NumWoGE|20F/S,0,0.2822626252695596,1.2279954528616626,0.14451131936269226,0.4498984743882891,0.00227133737841607
Angelique,S23,epbin_NumWoGE_20F_Std_Par 15 rr fixP2 fixP3 fixC3 icfilt ica ep1 but chanlocs chansel chanlabels S23.csv,NumWoGE|20F/S,1,0.23775868760699045,1.2119961438961528,0.2020079538192673,0.38411556332748303,0.00227133737841607
Angelique,S24,epbin_Dig_1F_C1 21 rr icfilt ica ep1 but chanlocs chansel chanlabels S24.csv,Dig|1F,0,0.5161151555370043,1.0960798424161737,0.6460245497643274,0.6442253443502012,0.0022598419277808216
Angelique,S24,epbin_Dig_1F_Par 11 rr icfilt ica ep1 but chanlocs chansel chanlabels S24.csv,Dig|1F,1,0.39520332549516035,1.2388036915582468,0.6051563134727306,0.7030736101105071,0.0022598419277808216
Angelique,S24,epbin_Dig_20F_Atp_C1 23 rr icfilt ica ep1 but chanlocs chansel chanlabels S24.csv,Dig|20F/A,0,0.30086328432462417,1.2590255584193002,0.35067384318164996,0.887911666428925,0.0022598419277808216
Angelique,S24,epbin_Dig_20F_Atp_Par 13 rr icfilt ica ep1 but chanlocs chansel chanlabels S24.csv,Dig|20F/A,1,0.16377650187758158,1.3582800572390898,0.3191192235817964,1.2110544699628352,0.0022598419277808216
Angelique,S24,epbin_Dig_20F_Std_C1 22 rr icfilt ica ep1 but chanlocs chansel chanlabels S24.csv,Dig|20F/S,0,0.5010254965766814,1.3641307072833446,0.4616764243057289,1.2292845707578401,0.0022598419277808216
Angelique,S24,epbin_Dig_20F_Std_Par 12 rr icfilt ica ep1 but chanlocs chansel chanlabels S24.csv,Dig|20F/S,1,0.30958597648968716,1.3372709457266112,0.7221947650104515,1.3217833666061367,0.0022598419277808216
Angelique,S24,epbin_NumWoGE_1F_C1 24 rr icfilt ica ep1 but chanlocs chansel chanlabels S24.csv,NumWoGE|1F,0,0.575858198458282,2.219866326169345,0.7037405334881538,0.7367992269954786,0.0022598419277808216
Angelique,S24,epbin_NumWoGE_1F_Par 14 rr icfilt ica ep1 but chanlocs chansel chanlabels S24.csv,NumWoGE|1F,1,0.38633160149561113,2.20301264536136,0.7075897465965587,0.7145705089786717,0.0022598419277808216
Angelique,S24,epbin_NumWoGE_20F_Atp_C1 26 rr icfilt ica ep1 but chanlocs chansel chanlabels S24.csv,NumWoGE|20F/A,0,0.5779919625303638,2.3621773355748146,0.27000037012991046,0.9275167215951887,0.0022598419277808216
Angelique,S24,epbin_NumWoGE_20F_Atp_Par 16 rr icfilt ica ep1 but chanlocs chansel chanlabels S24.csv,NumWoGE|20F/A,1,0.35140758430276053,2.1098737833898187,0.3882135819099939,0.7824713288554518,0.0022598419277808216
Angelique,S24,epbin_NumWoGE_20F_Std_C1 25 rr icfilt ica ep1 but chanlocs chansel chanlabels S24.csv,NumWoGE|20F/S,0,0.5690744576768508,2.646615735877389,0.6418365746337055,0.7866888681391784,0.0022598419277808216
Angelique,S24,epbin_NumWoGE_20F_Std_Par 15 rr icfilt ica ep1 but chanlocs chansel chanlabels S24.csv,NumWoGE|20F/S,1,0.3860867785427674,2.7134644297788952,0.8052708597669198,0.9028942240994173,0.0022598419277808216
Angelique,S25,epbin_Dig_1F_C1 21 rr fixAF8 icfilt ica ep1 but chanlocs chansel chanlabels S25.csv,Dig|1F,0,0.3815971122686328,1.9898418024368534,0.4677961819200512,0.8238371506802056,0.0030271307831222474
Angelique,S25,epbin_Dig_1F_Par 11 rr fixAF8 icfilt ica ep1 but chanlocs chansel chanlabels S25.csv,Dig|1F,1,0.27233037574360347,1.9197349050038894,0.2847996651831907,0.6725846247326114,0.0030271307831222474
Angelique,S25,epbin_Dig_20F_Atp_C1 23 rr fixAF8 icfilt ica ep1 but chanlocs chansel chanlabels S25.csv,Dig|20F/A,0,0.44357875830880555,1.9020844499053267,0.3873914066537007,0.4617284669643345,0.0030271307831222474
Angelique,S25,epbin_Dig_20F_Atp_Par 13 rr fixAF8 icfilt ica ep1 but chanlocs chansel chanlabels S25.csv,Dig|20F/A,1,0.49294415293715765,2.130625315205,0.2641439526456106,0.39820199178873733,0.0030271307831222474
Angelique,S25,epbin_Dig_20F_Std_C1 22 rr fixAF8 icfilt ica ep1 but chanlocs chansel chanlabels S25.csv,Dig|20F/S,0,0.5123054726592108,1.8828104118517268,0.6083912232108027,0.4238858768907282,0.0030271307831222474
Angelique,S25,epbin_Dig_20F_Std_Par 12 rr fixAF8 icfilt ica ep1 but chanlocs chansel chanlabels S25.csv,Dig|20F/S,1,0.384008868746921,2.399806762400732,0.6400234836701969,0.6184390163725633,0.0030271307831222474
Angelique,S25,epbin_NumWoGE_1F_C1 24 rr fixAF8 icfilt ica ep1 but chanlocs chansel chanlabels S25.csv,NumWoGE|1F,0,0.5829149685684188,1.196086110028393,0.36359052531833375,0.24338943355108678,0.0030271307831222474
Angelique,S25,epbin_NumWoGE_1F_Par 14 rr fixAF8 icfilt ica ep1 but chanlocs chansel chanlabels S25.csv,NumWoGE|1F,1,0.4332900907596317,1.3401154400620514,0.2843734224013106,0.5295845308758962,0.0030271307831222474
Angelique,S25,epbin_NumWoGE_20F_Atp_C1 26 rr fixAF8 icfilt ica ep1 but chanlocs chansel chanlabels S25.csv,NumWoGE|20F/A,0,0.362567957695427,1.553770824681539,0.18293261625056148,0.4647542259235272,0.0030271307831222474
Angelique,S25,epbin_NumWoGE_20F_Atp_Par 16 rr fixAF8 icfilt ica ep1 but chanlocs chansel chanlabels S25.csv,NumWoGE|20F/A,1,0.48009873601296094,1.6203933338398326,0.35107250100921794,0.5598373701942304,0.0030271307831222474
Angelique,S25,epbin_NumWoGE_20F_Std_C1 25 rr fixAF8 icfilt ica ep1 but chanlocs chansel chanlabels S25.csv,NumWoGE|20F/S,0,0.5724560166142634,1.4613310468856837,0.5874290289840889,0.48188564055257715,0.0030271307831222474
Angelique,S25,epbin_NumWoGE_20F_Std_Par 15 rr fixAF8 icfilt ica ep1 but chanlocs chansel chanlabels S25.csv,NumWoGE|20F/S,1,0.6551476599602809,1.6600255338397463,0.2598554893097667,0.4737816331612656,0.0030271307831222474
Angelique,S26,epbin_Dig_1F_C1 21 rr ica ep1 but chanlocs chansel chanlabels S26.csv,Dig|1F,0,0.357660857118732,1.250716258369714,0.5062769257817203,0.45196653619427973,0.00437691547224599
Angelique,S26,epbin_Dig_1F_Par 11 rr ica ep1 but chanlocs chansel chanlabels S26.csv,Dig|1F,1,0.47836689127778964,1.4630490581981477,0.6447236528041567,0.6562442085242114,0.00437691547224599
Angelique,S26,epbin_Dig_20F_Atp_C1 23 rr ica ep1 but chanlocs chansel chanlabels S26.csv,Dig|20F/A,0,0.24290956985208337,2.3125534770657104,0.3585966781356201,1.3545405018396612,0.00437691547224599
Angelique,S26,epbin_Dig_20F_Atp_Par 13 rr ica ep1 but chanlocs chansel chanlabels S26.csv,Dig|20F/A,1,0.3535465133695891,2.267971037017448,0.26590233375357336,1.3613232483724578,0.00437691547224599
Angelique,S26,epbin_Dig_20F_Std_C1 22 rr ica ep1 but chanlocs chansel chanlabels S26.csv,Dig|20F/S,0,0.4510137727197361,2.1805080312464047,0.6172970729067186,1.2111726619316334,0.00437691547224599
Angelique,S26,epbin_Dig_20F_Std_Par 12 rr ica ep1 but chanlocs chansel chanlabels S26.csv,Dig|20F/S,1,0.4325449282609612,2.4115278867659953,0.5856103658729318,1.3822039066646863,0.00437691547224599
Angelique,S26,epbin_NumWoGE_1F_C1 24 rr ica ep1 but chanlocs chansel chanlabels S26.csv,NumWoGE|1F,0,0.42142634580514315,1.929802486909571,0.49830913122781495,0.35822385080657315,0.00437691547224599
Angelique,S26,epbin_NumWoGE_1F_Par 14 rr ica ep1 but chanlocs chansel chanlabels S26.csv,NumWoGE|1F,1,0.6159360034231436,1.8255425982564824,0.623346402138266,0.4448490167438887,0.00437691547224599
Angelique,S26,epbin_NumWoGE_20F_Atp_C1 26 rr ica ep1 but chanlocs chansel chanlabels S26.csv,NumWoGE|20F/A,0,0.22300400208848664,1.7926070467134516,0.27251761588582524,0.7716917075277628,0.00437691547224599
Angelique,S26,epbin_NumWoGE_20F_Atp_Par 16 rr ica ep1 but chanlocs chansel chanlabels S26.csv,NumWoGE|20F/A,1,0.5620640939097253,1.6696994006384287,0.5064295181458714,0.7998348795238172,0.00437691547224599
Angelique,S26,epbin_NumWoGE_20F_Std_C1 25 rr ica ep1 but chanlocs chansel chanlabels S26.csv,NumWoGE|20F/S,0,0.27433466177560073,1.6035865296618845,0.40879168050937387,0.48065207878470095,0.00437691547224599
Angelique,S26,epbin_NumWoGE_20F_Std_Par 15 rr ica ep1 but chanlocs chansel chanlabels S26.csv,NumWoGE|20F/S,1,0.5643723302873528,1.806921095471377,0.346807656202784,0.5856950401363774,0.00437691547224599
Angelique,S27,epbin_Dig_1F_C1 21 rr fixFT8 icfilt ica ep1 but chanlocs chansel chanlabels S27.csv,Dig|1F,0,0.16148947020344334,1.115334486975442,0.6746646032702708,0.49387437349610475,0.002421783994549902
Angelique,S27,epbin_Dig_1F_Par 11 rr fixFT8 icfilt ica ep1 but chanlocs chansel chanlabels S27.csv,Dig|1F,1,0.2547500694528481,1.0969180221681258,0.4750415878177694,0.6056914031644609,0.002421783994549902
Angelique,S27,epbin_Dig_20F_Atp_C1 23 rr fixFT8 icfilt ica ep1 but chanlocs chansel chanlabels S27.csv,Dig|20F/A,0,0.26582048666377645,1.7483601888568943,0.1604382273763364,0.3556800295064152,0.002421783994549902
Angelique,S27,epbin_Dig_20F_Atp_Par 13 rr fixFT8 icfilt ica ep1 but chanlocs chansel chanlabels S27.csv,Dig|20F/A,1,0.3328265208037656,1.854454485932755,0.3889976145935297,0.45461096681750235,0.002421783994549902
Angelique,S27,epbin_Dig_20F_Std_C1 22 rr fixFT8 icfilt ica ep1 but chanlocs chansel chanlabels S27.csv,Dig|20F/S,0,0.35001394523181023,1.298813140904337,0.43386199861878705,0.5323947514165557,0.002421783994549902
Angelique,S27,epbin_Dig_20F_Std_Par 12 rr fixFT8 icfilt ica ep1 but chanlocs chansel chanlabels S27.csv,Dig|20F/S,1,0.4935742202324212,1.2649112505796138,0.18783855942776892,0.5256160257506923,0.002421783994549902
Angelique,S27,epbin_NumWoGE_1F_C1 24 rr fixFT8 icfilt ica ep1 but chanlocs chansel chanlabels S27.csv,NumWoGE|1F,0,0.52425273927181,2.282797194910902,0.6360162173912676,1.4186535048680202,0.002421783994549902
Angelique,S27,epbin_NumWoGE_1F_Par 14 rr fixFT8 icfilt ica ep1 but chanlocs chansel chanlabels S27.csv,NumWoGE|1F,1,0.374435128230825,2.1913138584098513,0.798893812462133,1.0737146370959527,0.002421783994549902
Angelique,S27,epbin_NumWoGE_20F_Atp_C1 26 rr fixFT8 icfilt ica ep1 but chanlocs chansel chanlabels S27.csv,NumWoGE|20F/A,0,0.3705662725660875,2.5367411665752657,0.2709455100097655,1.0594545010566916,0.002421783994549902
Angelique,S27,epbin_NumWoGE_20F_Atp_Par 16 rr fixFT8 icfilt ica ep1 but chanlocs chansel chanlabels S27.csv,NumWoGE|20F/A,1,0.3417079193083724,2.3237339446809533,0.21644838440015568,0.8024704095302411,0.002421783994549902
Angelique,S27,epbin_NumWoGE_20F_Std_C1 25 rr fixFT8 icfilt ica ep1 but chanlocs chansel chanlabels S27.csv,NumWoGE|20F/S,0,0.42102837930093073,1.8490542822353757,0.3561072753704318,0.5519794389739506,0.002421783994549902
Angelique,S27,epbin_NumWoGE_20F_Std_Par 15 rr fixFT8 icfilt ica ep1 but chanlocs chansel chanlabels S27.csv,NumWoGE|20F/S,1,0.47427277393703804,1.977135504741156,0.3308933474856238,0.7792345223869421,0.002421783994549902
Angelique,S28,epbin_Dig_1F_C1 21 rr fixF8 icfilt ica ep1 but chanlocs chansel chanlabels S28.csv,Dig|1F,0,0.5801102602058181,1.7179203573701514,0.4349535855084102,0.457350587329737,0.005705975410882284
Angelique,S28,epbin_Dig_1F_Par 11 rr fixF8 icfilt ica ep1 but chanlocs chansel chanlabels S28.csv,Dig|1F,1,0.44388829541224584,1.7669388870636096,0.4476715742120466,0.3705114945017177,0.005705975410882284
Angelique,S28,epbin_Dig_20F_Atp_C1 23 rr fixF8 icfilt ica ep1 but chanlocs chansel chanlabels S28.csv,Dig|20F/A,0,0.2124044776839597,1.7123670617184772,0.15648071366950128,0.6557628374342515,0.005705975410882284
Angelique,S28,epbin_Dig_20F_Atp_Par 13 rr fixF8 icfilt ica ep1 but chanlocs chansel chanlabels S28.csv,Dig|20F/A,1,0.36701536103545246,1.7505597140364841,0.4952675095679921,0.5882910279819534,0.005705975410882284
Angelique,S28,epbin_Dig_20F_Std_C1 22 rr fixF8 icfilt ica ep1 but chanlocs chansel chanlabels S28.csv,Dig|20F/S,0,0.23606039904097914,0.44267232298035203,0.16370089087866724,0.28502648424622645,0.005705975410882284
Angelique,S28,epbin_Dig_20F_Std_Par 12 rr fixF8 icfilt ica ep1 but chanlocs chansel chanlabels S28.csv,Dig|20F/S,1,0.396678815083848,1.685791363927596,0.42907492823690513,0.7373524516066748,0.005705975410882284
Angelique,S28,epbin_NumWoGE_1F_C1 24 rr fixF8 icfilt ica ep1 but chanlocs chansel chanlabels S28.csv,NumWoGE|1F,0,0.8432375114248747,2.089313906246308,0.7279807486434042,0.6221241334712935,0.005705975410882284
Angelique,S28,epbin_NumWoGE_1F_Par 14 rr fixF8 icfilt ica ep1 but chanlocs chansel chanlabels S28.csv,NumWoGE|1F,1,0.5507644155697698,1.883848341933291,0.33205109526744625,0.5264541752281097,0.005705975410882284
Angelique,S28,epbin_NumWoGE_20F_Atp_C1 26 rr fixF8 icfilt ica ep1 but chanlocs chansel chanlabels S28.csv,NumWoGE|20F/A,0,0.6558135867615942,1.7086181528210211,0.5387864874696733,0.4954483312558488,0.005705975410882284
Angelique,S28,epbin_NumWoGE_20F_Atp_Par 16 rr fixF8 icfilt ica ep1 but chanlocs chansel chanlabels S28.csv,NumWoGE|20F/A,1,0.7307560266728398,1.9167964449291708,0.43517947813320906,0.4245628628555342,0.005705975410882284
Angelique,S28,epbin_NumWoGE_20F_Std_C1 25 rr fixF8 icfilt ica ep1 but chanlocs chansel chanlabels S28.csv,NumWoGE|20F/S,0,0.7195864896251865,2.186353724886461,0.5518799681910785,0.5302592624288711,0.005705975410882284
Angelique,S28,epbin_NumWoGE_20F_Std_Par 15 rr fixF8 icfilt ica ep1 but chanlocs chansel chanlabels S28.csv,NumWoGE|20F/S,1,0.6550070777985872,1.7462713972523696,0.39502560199116743,0.3741766039423561,0.005705975410882284
Angelique,S29,epbin_Dig_1F_C1 21 rr ica ep1 but chanlocs chansel chanlabels S29.csv,Dig|1F,0,0.1900443697255336,4.015156082400798,0.7009110143455299,1.735725517985237,0.003299719394217144
Angelique,S29,epbin_Dig_1F_Par 11 rr ica ep1 but chanlocs chansel chanlabels S29.csv,Dig|1F,1,0.7501008313526337,3.6048511175175677,0.923478223671462,1.3859005360940018,0.003299719394217144
Angelique,S29,epbin_Dig_20F_Atp_C1 23 rr ica ep1 but chanlocs chansel chanlabels S29.csv,Dig|20F/A,0,0.5130876367931757,4.353859751266196,0.34238459489572654,1.5770728671433027,0.003299719394217144
Angelique,S29,epbin_Dig_20F_Atp_Par 13 rr ica ep1 but chanlocs chansel chanlabels S29.csv,Dig|20F/A,1,0.5159636719822981,4.558961113682903,0.48410715406101484,1.6461834635058885,0.003299719394217144
Angelique,S29,epbin_Dig_20F_Std_C1 22 rr ica ep1 but chanlocs chansel chanlabels S29.csv,Dig|20F/S,0,0.2321260293141696,5.422108766839613,0.7394480779618167,1.9236036819535098,0.003299719394217144
Angelique,S29,epbin_Dig_20F_Std_Par 12 rr ica ep1 but chanlocs chansel chanlabels S29.csv,Dig|20F/S,1,0.6492596603373793,5.396681501926499,0.5429518317635418,1.904107798242416,0.003299719394217144
Angelique,S29,epbin_NumWoGE_1F_C1 24 rr ica ep1 but chanlocs chansel chanlabels S29.csv,NumWoGE|1F,0,0.7031315187071349,4.041880047434217,0.9606464504766405,1.0960968224555538,0.003299719394217144
Angelique,S29,epbin_NumWoGE_1F_Par 14 rr ica ep1 but chanlocs chansel chanlabels S29.csv,NumWoGE|1F,1,1.0550727780484792,4.9455549252684685,0.7470320306610194,1.7482135927278524,0.003299719394217144
Angelique,S29,epbin_NumWoGE_20F_Atp_C1 26 rr ica ep1 but chanlocs chansel chanlabels S29.csv,NumWoGE|20F/A,0,0.5191871503207869,2.6852021044527694,0.850493939606087,1.1333992608205812,0.003299719394217144
Angelique,S29,epbin_NumWoGE_20F_Atp_Par 16 rr ica ep1 but chanlocs chansel chanlabels S29.csv,NumWoGE|20F/A,1,0.6839124448972198,3.317467077275466,0.3411306665550936,1.2351808847750607,0.003299719394217144
Angelique,S29,epbin_NumWoGE_20F_Std_C1 25 rr ica ep1 but chanlocs chansel chanlabels S29.csv,NumWoGE|20F/S,0,0.3084972571990586,5.059981886667762,0.6001616202312569,1.5716490603869189,0.003299719394217144
Angelique,S29,epbin_NumWoGE_20F_Std_Par 15 rr ica ep1 but chanlocs chansel chanlabels S29.csv,NumWoGE|20F/S,1,0.752703397871055,4.881645917147761,0.41931458939980665,1.5923023775777199,0.003299719394217144
Angelique,S31,epbin_Dig_1F_C1 21 rr fixTP8 fixC6 ica ep1 but chanlocs chansel chanlabels S31.csv,Dig|1F,0,0.18454957124995644,1.0875194872005658,0.12635205214791667,0.2047571552991278,0.0035474161776441423
Angelique,S31,epbin_Dig_1F_Par 11 rr fixTP8 fixC6 ica ep1 but chanlocs chansel chanlabels S31.csv,Dig|1F,1,0.6489242503531752,1.2857720772673686,0.3491882493816502,0.44091776360680396,0.0035474161776441423
Angelique,S31,epbin_Dig_20F_Atp_C1 23 rr fixTP8 fixC6 ica ep1 but chanlocs chansel chanlabels S31.csv,Dig|20F/A,0,0.2783593712292096,1.0198673150492616,0.16508827304154225,0.5119484330702129,0.0035474161776441423
Angelique,S31,epbin_Dig_20F_Atp_Par 13 rr fixTP8 fixC6 ica ep1 but chanlocs chansel chanlabels S31.csv,Dig|20F/A,1,0.3647162874975234,0.9548563887326277,0.2580381009985692,0.49234813993191806,0.0035474161776441423
Angelique,S31,epbin_Dig_20F_Std_C1 22 rr fixTP8 fixC6 ica ep1 but chanlocs chansel chanlabels S31.csv,Dig|20F/S,0,0.24408797804383675,1.030508742709737,0.2487972034696288,0.4986091398308665,0.0035474161776441423
Angelique,S31,epbin_Dig_20F_Std_Par 12 rr fixTP8 fixC6 ica ep1 but chanlocs chansel chanlabels S31.csv,Dig|20F/S,1,0.1891503300614468,0.7559516568553978,0.16663546137301108,0.5688545615403764,0.0035474161776441423
Angelique,S31,epbin_NumWoGE_1F_C1 24 rr fixTP8 fixC6 ica ep1 but chanlocs chansel chanlabels S31.csv,NumWoGE|1F,0,0.44102701711774434,1.580432730310655,0.4162261549401203,0.1634216178765017,0.0035474161776441423
Angelique,S31,epbin_NumWoGE_1F_Par 14 rr fixTP8 fixC6 ica ep1 but chanlocs chansel chanlabels S31.csv,NumWoGE|1F,1,0.33724716688934847,1.465809880623508,0.2578516029679226,0.2437108517158826,0.0035474161776441423
Angelique,S31,epbin_NumWoGE_20F_Atp_C1 26 rr fixTP8 fixC6 ica ep1 but chanlocs chansel chanlabels S31.csv,NumWoGE|20F/A,0,0.254408075017521,1.6865697189549202,0.2688570725578564,0.18605408231114232,0.0035474161776441423
Angelique,S31,epbin_NumWoGE_20F_Atp_Par 16 rr fixTP8 fixC6 ica ep1 but chanlocs chansel chanlabels S31.csv,NumWoGE|20F/A,1,0.18704599004704392,1.8119157126762007,0.22154440413529355,0.20277285072230175,0.0035474161776441423
Angelique,S31,epbin_NumWoGE_20F_Std_C1 25 rr fixTP8 fixC6 ica ep1 but chanlocs chansel chanlabels S31.csv,NumWoGE|20F/S,0,0.42591426611827304,1.9382813042635132,0.16887994082504668,0.21560809640060788,0.0035474161776441423
Angelique,S31,epbin_NumWoGE_20F_Std_Par 15 rr fixTP8 fixC6 ica ep1 but chanlocs chansel chanlabels S31.csv,NumWoGE|20F/S,1,0.3191636700177505,1.8619552099967256,0.11867113360295811,0.25181588114300507,0.0035474161776441423
Angelique,S32,epbin_Dig_1F_C1 21 rr fixF6 fixP5 fixFC5 icfilt ica ep1 but chanlocs chansel chanlabels S32.csv,Dig|1F,0,0.163345036880624,2.9106929325569455,0.5681428188316102,1.132360134350819,0.0024114058422318877
Angelique,S32,epbin_Dig_1F_Par 11 rr fixF6 fixP5 fixFC5 icfilt ica ep1 but chanlocs chansel chanlabels S32.csv,Dig|1F,1,0.38175690998249473,2.8165662228891675,0.6913971088609029,1.269049501341826,0.0024114058422318877
Angelique,S32,epbin_Dig_20F_Atp_C1 23 rr fixF6 fixP5 fixFC5 icfilt ica ep1 but chanlocs chansel chanlabels S32.csv,Dig|20F/A,0,0.15774740209717836,2.0633112508161804,0.24384998217815446,0.732770558053477,0.0024114058422318877
Angelique,S32,epbin_Dig_20F_Atp_Par 13 rr fixF6 fixP5 fixFC5 icfilt ica ep1 but chanlocs chansel chanlabels S32.csv,Dig|20F/A,1,0.2286481747672396,2.2353114504147,0.5831693371367338,0.7725309491610259,0.0024114058422318877
Angelique,S32,epbin_Dig_20F_Std_C1 22 rr fixF6 fixP5 fixFC5 icfilt ica ep1 but chanlocs chansel chanlabels S32.csv,Dig|20F/S,0,0.13486400923480243,2.3913942522595026,0.3139813748593802,0.770722433852654,0.0024114058422318877
Angelique,S32,epbin_Dig_20F_Std_Par 12 rr fixF6 fixP5 fixFC5 icfilt ica ep1 but chanlocs chansel chanlabels S32.csv,Dig|20F/S,1,0.1842358332511845,2.4425952776748505,0.5368739440072569,0.7592803744513994,0.0024114058422318877
Angelique,S32,epbin_NumWoGE_1F_C1 24 rr fixF6 fixP5 fixFC5 icfilt ica ep1 but chanlocs chansel chanlabels S32.csv,NumWoGE|1F,0,0.6377894811971873,3.7664162930786107,0.9999781840679706,1.7700550067742593,0.0024114058422318877
Angelique,S32,epbin_NumWoGE_1F_Par 14 rr fixF6 fixP5 fixFC5 icfilt ica ep1 but chanlocs chansel chanlabels S32.csv,NumWoGE|1F,1,0.4096724613049582,3.3341837043820726,0.7215161299533713,1.2832621179744563,0.0024114058422318877
Angelique,S32,epbin_NumWoGE_20F_Atp_C1 26 rr fixF6 fixP5 fixFC5 icfilt ica ep1 but chanlocs chansel chanlabels S32.csv,NumWoGE|20F/A,0,0.46545394358499476,2.40269781053481,0.5591990067726055,1.04945660971706,0.0024114058422318877
Angelique,S32,epbin_NumWoGE_20F_Atp_Par 16 rr fixF6 fixP5 fixFC5 icfilt ica ep1 but chanlocs chansel chanlabels S32.csv,NumWoGE|20F/A,1,0.17266762168040284,2.2778204493864904,0.422945632612959,1.1177363834004195,0.0024114058422318877
Angelique,S32,epbin_NumWoGE_20F_Std_C1 25 rr fixF6 fixP5 fixFC5 icfilt ica ep1 but chanlocs chansel chanlabels S32.csv,NumWoGE|20F/S,0,0.5499539293244243,2.635150632155746,0.4132765103887604,1.2044485439940886,0.0024114058422318877
Angelique,S32,epbin_NumWoGE_20F_Std_Par 15 rr fixF6 fixP5 fixFC5 icfilt ica ep1 but chanlocs chansel chanlabels S32.csv,NumWoGE|20F/S,1,0.4041528697949949,2.4732879296944175,0.6676323415820749,1.0725282121380695,0.0024114058422318877
Angelique,S33,epbin_Dig_1F_C1 21 rr ica ep1 but chanlocs chansel chanlabels S33.csv,Dig|1F,0,0.2502798532636168,2.5048229638147474,0.5147181486945733,1.3613175273847926,0.001524929497575444
Angelique,S33,epbin_Dig_1F_Par 11 rr ica ep1 but chanlocs chansel chanlabels S33.csv,Dig|1F,1,0.19274943393774277,2.5402955274630816,0.33869585624795684,1.2274481427106654,0.001524929497575444
Angelique,S33,epbin_Dig_20F_Atp_C1 23 rr ica ep1 but chanlocs chansel chanlabels S33.csv,Dig|20F/A,0,0.46551848445101884,2.4090422700335714,0.39919674860877097,1.1514191360103894,0.001524929497575444
Angelique,S33,epbin_Dig_20F_Atp_Par 13 rr ica ep1 but chanlocs chansel chanlabels S33.csv,Dig|20F/A,1,0.2449410098931586,2.482068154028762,0.2523801997598493,1.6099842251837722,0.001524929497575444
Angelique,S33,epbin_Dig_20F_Std_C1 22 rr ica ep1 but chanlocs chansel chanlabels S33.csv,Dig|20F/S,0,0.24566081761746403,2.651230653570613,0.34070286139539235,1.2114057195996135,0.001524929497575444
Angelique,S33,epbin_Dig_20F_Std_Par 12 rr ica ep1 but chanlocs chansel chanlabels S33.csv,Dig|20F/S,1,0.5298655237886772,2.637276051384554,0.2465161562836078,1.3360942670204163,0.001524929497575444
Angelique,S33,epbin_NumWoGE_1F_C1 24 rr ica ep1 but chanlocs chansel chanlabels S33.csv,NumWoGE|1F,0,0.22822494893823578,2.053905871963544,0.4013118523970171,0.7466675066076942,0.001524929497575444
Angelique,S33,epbin_NumWoGE_1F_Par 14 rr ica ep1 but chanlocs chansel chanlabels S33.csv,NumWoGE|1F,1,0.36707914470816067,1.997884029482356,0.6739717515979577,0.8832816894430285,0.001524929497575444
Angelique,S33,epbin_NumWoGE_20F_Atp_C1 26 rr ica ep1 but chanlocs chansel chanlabels S33.csv,NumWoGE|20F/A,0,0.23795878609830642,1.2071042999035524,0.3619722968381066,0.326055542352211,0.001524929497575444
Angelique,S33,epbin_NumWoGE_20F_Atp_Par 16 rr ica ep1 but chanlocs chansel chanlabels S33.csv,NumWoGE|20F/A,1,0.2483043308067198,1.5647461254171504,0.32409808334444307,0.43235802636799997,0.001524929497575444
Angelique,S33,epbin_NumWoGE_20F_Std_C1 25 rr ica ep1 but chanlocs chansel chanlabels S33.csv,NumWoGE|20F/S,0,0.13811513345207063,1.6152168979697183,0.29198614544076446,0.4341468723891456,0.001524929497575444
Angelique,S33,epbin_NumWoGE_20F_Std_Par 15 rr ica ep1 but chanlocs chansel chanlabels S33.csv,NumWoGE|20F/S,1,0.41793736403867415,1.5263476962510791,0.23934840119047165,0.42714342766744035,0.001524929497575444
Angelique,S34,epbin_Dig_1F_C1 21 rr fixC4 ica ep1 but chanlocs chansel chanlabels S34.csv,Dig|1F,0,0.17552797125401484,1.8895743979588693,0.7961618602437637,0.9697633737516248,0.0032667656470223416
Angelique,S34,epbin_Dig_1F_Par 11 rr fixC4 ica ep1 but chanlocs chansel chanlabels S34.csv,Dig|1F,1,0.3916553549769265,1.9610333698799396,0.6849800913411397,0.9285985564069321,0.0032667656470223416
Angelique,S34,epbin_Dig_20F_Atp_C1 23 rr fixC4 ica ep1 but chanlocs chansel chanlabels S34.csv,Dig|20F/A,0,0.2804950207999922,2.3869855186040065,0.47321142973076175,1.1516741591265969,0.0032667656470223416
Angelique,S34,epbin_Dig_20F_Atp_Par 13 rr fixC4 ica ep1 but chanlocs chansel chanlabels S34.csv,Dig|20F/A,1,0.31443778611453893,2.165664799456757,0.9364873293477096,1.1466595318562625,0.0032667656470223416
Angelique,S34,epbin_Dig_20F_Std_C1 22 rr fixC4 ica ep1 but chanlocs chansel chanlabels S34.csv,Dig|20F/S,0,0.19204614864917272,2.336720908785883,0.8164468668742408,1.2416872369964445,0.0032667656470223416
Angelique,S34,epbin_Dig_20F_Std_Par 12 rr fixC4 ica ep1 but chanlocs chansel chanlabels S34.csv,Dig|20F/S,1,0.45334591868369867,2.4671616192329298,0.8782323859604619,1.2615073928655889,0.0032667656470223416
Angelique,S34,epbin_NumWoGE_1F_C1 24 rr fixC4 ica ep1 but chanlocs chansel chanlabels S34.csv,NumWoGE|1F,0,0.485161672565069,2.206480644766309,0.6674150324765702,1.3456833184131156,0.0032667656470223416
Angelique,S34,epbin_NumWoGE_1F_Par 14 rr fixC4 ica ep1 but chanlocs chansel chanlabels S34.csv,NumWoGE|1F,1,0.43556764766547457,2.3689016446472198,0.6072228693529297,1.281543701790237,0.0032667656470223416
Angelique,S34,epbin_NumWoGE_20F_Atp_C1 26 rr fixC4 ica ep1 but chanlocs chansel chanlabels S34.csv,NumWoGE|20F/A,0,0.15552615271115816,2.2592991270700757,0.5156426593215441,1.1823837298957276,0.0032667656470223416
Angelique,S34,epbin_NumWoGE_20F_Atp_Par 16 rr fixC4 ica ep1 but chanlocs chansel chanlabels S34.csv,NumWoGE|20F/A,1,0.4567561708562025,2.323608279064417,0.3722322588797405,1.0816591152338297,0.0032667656470223416
Angelique,S34,epbin_NumWoGE_20F_Std_C1 25 rr fixC4 ica ep1 but chanlocs chansel chanlabels S34.csv,NumWoGE|20F/S,0,0.25613723636784974,2.5321226258721947,0.2237935606247802,1.293908493462421,0.0032667656470223416
Angelique,S34,epbin_NumWoGE_20F_Std_Par 15 rr fixC4 ica ep1 but chanlocs chansel chanlabels S34.csv,NumWoGE|20F/S,1,0.2179804614456345,2.5074151960816766,0.47452066579067614,1.3327949716620666,0.0032667656470223416
Angelique,S35,epbin_Dig_1F_C1 21 rr fixT8 ica ep1 but chanlocs chansel chanlabels S35.csv,Dig|1F,0,0.2164497468175014,1.1778696742512471,0.7226966941197137,0.6255317898585072,0.0027756928715980274
Angelique,S35,epbin_Dig_1F_Par 11 rr fixT8 ica ep1 but chanlocs chansel chanlabels S35.csv,Dig|1F,1,0.28192828922042806,1.3034990621040927,0.5765951731217495,0.6441546013626237,0.0027756928715980274
Angelique,S35,epbin_Dig_20F_Atp_C1 23 rr fixT8 ica ep1 but chanlocs chansel chanlabels S35.csv,Dig|20F/A,0,0.18855488923037145,2.239810754385709,0.6499292398981461,1.0577173099342991,0.0027756928715980274
Angelique,S35,epbin_Dig_20F_Atp_Par 13 rr fixT8 ica ep1 but chanlocs chansel chanlabels S35.csv,Dig|20F/A,1,0.41998071943217796,2.1549900169093905,0.7163911516926703,0.9409829264194655,0.0027756928715980274
Angelique,S35,epbin_Dig_20F_Std_C1 22 rr fixT8 ica ep1 but chanlocs chansel chanlabels S35.csv,Dig|20F/S,0,0.4036214885091433,1.968809163950381,0.3347440576815928,0.989849206769761,0.0027756928715980274
Angelique,S35,epbin_Dig_20F_Std_Par 12 rr fixT8 ica ep1 but chanlocs chansel chanlabels S35.csv,Dig|20F/S,1,0.5874092231528074,1.9100678851824313,0.7002365609264924,0.9367545743450749,0.0027756928715980274
Angelique,S35,epbin_NumWoGE_1F_C1 24 rr fixT8 ica ep1 but chanlocs chansel chanlabels S35.csv,NumWoGE|1F,0,0.7555644082136812,1.3147976066146807,0.5439962701233736,0.6418065049498161,0.0027756928715980274
Angelique,S35,epbin_NumWoGE_1F_Par 14 rr fixT8 ica ep1 but chanlocs chansel chanlabels S35.csv,NumWoGE|1F,1,0.3634347170658299,1.2667466075037381,0.15741516561597776,0.5957346062913331,0.0027756928715980274
Angelique,S35,epbin_NumWoGE_20F_Atp_C1 26 rr fixT8 ica ep1 but chanlocs chansel chanlabels S35.csv,NumWoGE|20F/A,0,0.26129552669480793,1.5281035239061027,0.39440135413506844,0.8480605327738671,0.0027756928715980274
Angelique,S35,epbin_NumWoGE_20F_Atp_Par 16 rr fixT8 ica ep1 but chanlocs chansel chanlabels S35.csv,NumWoGE|20F/A,1,0.3156640135253582,1.3048235849575351,0.5739863863533836,0.5985617287030421,0.0027756928715980274
Angelique,S35,epbin_NumWoGE_20F_Std_C1 25 rr fixT8 ica ep1 but chanlocs chansel chanlabels S35.csv,NumWoGE|20F/S,0,0.5981995756397048,1.707841878679753,0.4970877188445747,0.9387798086125608,0.0027756928715980274
Angelique,S35,epbin_NumWoGE_20F_Std_Par 15 rr fixT8 ica ep1 but chanlocs chansel chanlabels S35.csv,NumWoGE|20F/S,1,0.3381135182876383,1.666871634828061,0.5175837256358963,0.9158739818065663,0.0027756928715980274
Angelique,S37,epbin_Dig_1F_C1 21 rr icfilt ica ep1 but chanlocs chansel chanlabels S37.csv,Dig|1F,0,0.31712847483796053,2.5759054905114183,0.5104027849487079,2.1433497634483887,0.0024357767619271674
Angelique,S37,epbin_Dig_1F_Par 11 rr icfilt ica ep1 but chanlocs chansel chanlabels S37.csv,Dig|1F,1,0.4774085579602795,2.265663955579752,0.8072317672455566,1.5745421679198857,0.0024357767619271674
Angelique,S37,epbin_Dig_20F_Atp_C1 23 rr icfilt ica ep1 but chanlocs chansel chanlabels S37.csv,Dig|20F/A,0,0.20388206164145045,2.2975948068823837,0.7603829403271577,1.8402869739521825,0.0024357767619271674
Angelique,S37,epbin_Dig_20F_Atp_Par 13 rr icfilt ica ep1 but chanlocs chansel chanlabels S37.csv,Dig|20F/A,1,0.3492859779941096,2.328106172546952,0.5052629760667263,1.8999086619512464,0.0024357767619271674
Angelique,S37,epbin_Dig_20F_Std_C1 22 rr icfilt ica ep1 but chanlocs chansel chanlabels S37.csv,Dig|20F/S,0,0.31876209691971086,2.486727961079913,0.4989415180595939,2.078435520416403,0.0024357767619271674
Angelique,S37,epbin_Dig_20F_Std_Par 12 rr icfilt ica ep1 but chanlocs chansel chanlabels S37.csv,Dig|20F/S,1,0.5406004649829503,3.02274748662241,0.703311426624132,2.4854415769606324,0.0024357767619271674
Angelique,S37,epbin_NumWoGE_1F_C1 24 rr icfilt ica ep1 but chanlocs chansel chanlabels S37.csv,NumWoGE|1F,0,0.5521976393435036,2.8553299743146145,0.74309278540566,2.2103062854246884,0.0024357767619271674
Angelique,S37,epbin_NumWoGE_1F_Par 14 rr icfilt ica ep1 but chanlocs chansel chanlabels S37.csv,NumWoGE|1F,1,0.5472723629100283,2.5960881470105766,0.8703756876763916,1.8672679162706605,0.0024357767619271674
Angelique,S37,epbin_NumWoGE_20F_Atp_C1 26 rr icfilt ica ep1 but chanlocs chansel chanlabels S37.csv,NumWoGE|20F/A,0,0.5750055096025452,1.9392041645548543,0.8282554890157722,1.6712498216592013,0.0024357767619271674
Angelique,S37,epbin_NumWoGE_20F_Atp_Par 16 rr icfilt ica ep1 but chanlocs chansel chanlabels S37.csv,NumWoGE|20F/A,1,0.5750407292383656,2.1908935004201084,0.4633167531720723,1.8962705655565217,0.0024357767619271674
Angelique,S37,epbin_NumWoGE_20F_Std_C1 25 rr icfilt ica ep1 but chanlocs chansel chanlabels S37.csv,NumWoGE|20F/S,0,0.4362689317646835,2.7044542864383394,0.8498679203710379,1.925326034409261,0.0024357767619271674
Angelique,S37,epbin_NumWoGE_20F_Std_Par 15 rr icfilt ica ep1 but chanlocs chansel chanlabels S37.csv,NumWoGE|20F/S,1,0.6137565763511933,2.6420461483272977,0.7006954854233292,2.2160755671238412,0.0024357767619271674
Angelique,S38,epbin_Dig_1F_C1 21 rr fixT8 fixF8 fixFT7 icfilt ica ep1 but chanlocs chansel chanlabels S38.csv,Dig|1F,0,0.21000450016317937,1.591244457237659,0.44436789571641033,0.9004234867209728,0.001976574504553468
Angelique,S38,epbin_Dig_1F_Par 11 rr fixT8 fixF8 fixFT7 icfilt ica ep1 but chanlocs chansel chanlabels S38.csv,Dig|1F,1,0.49521471291249813,1.3728337807684463,0.950830240520563,0.8884759227017472,0.001976574504553468
Angelique,S38,epbin_Dig_20F_Atp_C1 23 rr fixT8 fixF8 fixFT7 icfilt ica ep1 but chanlocs chansel chanlabels S38.csv,Dig|20F/A,0,0.26183004069092675,1.642207110102534,0.3708617058080606,1.0140038317513504,0.001976574504553468
Angelique,S38,epbin_Dig_20F_Atp_Par 13 rr fixT8 fixF8 fixFT7 icfilt ica ep1 but chanlocs chansel chanlabels S38.csv,Dig|20F/A,1,0.2826539740399918,1.4695876842704316,0.29908045922691806,1.0146412138494132,0.001976574504553468
Angelique,S38,epbin_Dig_20F_Std_C1 22 rr fixT8 fixF8 fixFT7 icfilt ica ep1 but chanlocs chansel chanlabels S38.csv,Dig|20F/S,0,0.32832160731112664,1.71257158498657,0.7891491793093691,1.1152640472116047,0.001976574504553468
Angelique,S38,epbin_Dig_20F_Std_Par 12 rr fixT8 fixF8 fixFT7 icfilt ica ep1 but chanlocs chansel chanlabels S38.csv,Dig|20F/S,1,0.5401909097637349,1.5985960502853265,0.33542753444650325,1.1423672505383249,0.001976574504553468
Angelique,S38,epbin_NumWoGE_1F_C1 24 rr fixT8 fixF8 fixFT7 icfilt ica ep1 but chanlocs chansel chanlabels S38.csv,NumWoGE|1F,0,0.22859270916104332,1.7752093071700592,0.7560824646523423,1.0177678053663455,0.001976574504553468
Angelique,S38,epbin_NumWoGE_1F_Par 14 rr fixT8 fixF8 fixFT7 icfilt ica ep1 but chanlocs chansel chanlabels S38.csv,NumWoGE|1F,1,0.49509474147719745,1.842645215714457,0.6832254871630379,1.1030973921866776,0.001976574504553468
Angelique,S38,epbin_NumWoGE_20F_Atp_C1 26 rr fixT8 fixF8 fixFT7 icfilt ica ep1 but chanlocs chansel chanlabels S38.csv,NumWoGE|20F/A,0,0.2670911512679653,1.3628457871247448,0.34276111977708495,0.9379533081123792,0.001976574504553468
Angelique,S38,epbin_NumWoGE_20F_Atp_Par 16 rr fixT8 fixF8 fixFT7 icfilt ica ep1 but chanlocs chansel chanlabels S38.csv,NumWoGE|20F/A,1,0.22287818058411069,1.5653360091978006,0.42799156922910175,0.8182691064136798,0.001976574504553468
Angelique,S38,epbin_NumWoGE_20F_Std_C1 25 rr fixT8 fixF8 fixFT7 icfilt ica ep1 but chanlocs chansel chanlabels S38.csv,NumWoGE|20F/S,0,0.25314954381463833,1.656748159781506,0.4917275518914783,0.9371116765056521,0.001976574504553468
Angelique,S38,epbin_NumWoGE_20F_Std_Par 15 rr fixT8 fixF8 fixFT7 icfilt ica ep1 but chanlocs chansel chanlabels S38.csv,NumWoGE|20F/S,1,0.29798592329021695,1.9876466863766251,0.4306020929601705,1.1904430067536274,0.001976574504553468
Talia,S01,epb_11_rr_ich_ch68_epm_bbpf_bc_NumberShape_S01.csv,Dig|1F,1,0.5415475343643551,1.4253423253431625,0.7727113568631697,0.7774274510723916,0.004002501401256249
Talia,S01,epb_12_rr_ich_ch68_epm_bbpf_bc_NumberShape_S01.csv,Dig|10F/S,1,0.42557939008225004,1.7420381482220815,0.5483069935085851,1.0703854586731771,0.004002501401256249
Talia,S01,epb_13_rr_ich_ch68_epm_bbpf_bc_NumberShape_S01.csv,Dig|10F/M,1,0.3461038332059042,1.6421733769467441,0.3820751210031404,1.0216383036181715,0.004002501401256249
Talia,S01,epb_14_rr_ich_ch68_epm_bbpf_bc_NumberShape_S01.csv,Dig|20F/HD,1,0.6909996661557695,1.630321893593637,0.572468190765859,0.814351083154735,0.004002501401256249
Talia,S01,epb_21_rr_ich_ch68_epm_bbpf_bc_NumberShape_S01.csv,Dig|1F,0,0.38407773725359484,1.2637808848865835,0.48591248132416515,0.7519585070831728,0.004002501401256249
Talia,S01,epb_22_rr_ich_ch68_epm_bbpf_bc_NumberShape_S01.csv,Dig|10F/S,0,0.3299889974679558,1.6516711052657111,0.7411267536737297,0.8143538644425097,0.004002501401256249
Talia,S01,epb_23_rr_ich_ch68_epm_bbpf_bc_NumberShape_S01.csv,Dig|10F/M,0,0.5342156389348709,1.692587869226539,0.3060621091637662,1.0809276745880951,0.004002501401256249
Talia,S01,epb_24_rr_ich_ch68_epm_bbpf_bc_NumberShape_S01.csv,Dig|20F/HD,0,0.4390901986076122,1.8755804724903313,0.27578417352179996,1.0089047535432907,0.004002501401256249
Talia,S02,epb_11_rr_ich_ch68_epm_bbpf_bc_NumberShape_S02.csv,Dig|1F,1,0.5371270421035522,1.9038632140046172,0.2678737695178965,0.6473845183677926,0.005428514588798014
Talia,S02,epb_12_rr_ich_ch68_epm_bbpf_bc_NumberShape_S02.csv,Dig|10F/S,1,0.42581997521879783,2.785927710408058,0.6254917476821427,0.9708864851683815,0.005428514588798014
Talia,S02,epb_13_rr_ich_ch68_epm_bbpf_bc_NumberShape_S02.csv,Dig|10F/M,1,0.5831386537244103,2.5560336411931983,0.18503871958087315,0.7343045507155771,0.005428514588798014
Talia,S02,epb_14_rr_ich_ch68_epm_bbpf_bc_NumberShape_S02.csv,Dig|20F/HD,1,0.6904950811202476,1.9007218801756982,0.2712979144317881,0.45965002195002863,0.005428514588798014
Talia,S02,epb_21_rr_ich_ch68_epm_bbpf_bc_NumberShape_S02.csv,Dig|1F,0,0.1845863663993879,2.028804941560416,0.4364964889616583,0.6810423535733514,0.005428514588798014
Talia,S02,epb_22_rr_ich_ch68_epm_bbpf_bc_NumberShape_S02.csv,Dig|10F/S,0,0.15794108999801235,2.778118792514897,0.20525561381450516,0.9129893405643912,0.005428514588798014
Talia,S02,epb_23_rr_ich_ch68_epm_bbpf_bc_NumberShape_S02.csv,Dig|10F/M,0,0.4201304034768753,2.5667016022217175,0.13178694326671891,0.7700357667536492,0.005428514588798014
Talia,S02,epb_24_rr_ich_ch68_epm_bbpf_bc_NumberShape_S02.csv,Dig|20F/HD,0,0.5805902155056335,1.9762749898313146,0.554238644332061,0.513950707659149,0.005428514588798014
Talia,S03,epb_11_rr_ich_ch68_epm_bbpf_bc_NumberShape_S03.csv,Dig|1F,1,0.44840425591702915,1.3790844966150524,0.455209731177167,0.8557652340906529,0.004378271394412146
Talia,S03,epb_12_rr_ich_ch68_epm_bbpf_bc_NumberShape_S03.csv,Dig|10F/S,1,0.2849488766551284,1.8749984257962131,0.3585922885507312,1.1491699924862275,0.004378271394412146
Talia,S03,epb_13_rr_ich_ch68_epm_bbpf_bc_NumberShape_S03.csv,Dig|10F/M,1,0.40918326891430257,2.037620790405936,0.42908315161700655,1.3171997661911041,0.004378271394412146
Talia,S03,epb_14_rr_ich_ch68_epm_bbpf_bc_NumberShape_S03.csv,Dig|20F/HD,1,0.667274457296821,1.832067735477674,0.3400902411066054,1.1097849611566701,0.004378271394412146
Talia,S03,epb_21_rr_ich_ch68_epm_bbpf_bc_NumberShape_S03.csv,Dig|1F,0,0.18427172747415155,1.2841506679818484,0.4436890848440308,0.8379670184936123,0.004378271394412146
Talia,S03,epb_22_rr_ich_ch68_epm_bbpf_bc_NumberShape_S03.csv,Dig|10F/S,0,0.12789563131101786,1.846726321562204,0.2489600278157133,1.0915006576671256,0.004378271394412146
Talia,S03,epb_23_rr_ich_ch68_epm_bbpf_bc_NumberShape_S03.csv,Dig|10F/M,0,0.15131568427245942,1.898865922723897,0.302951009515318,1.1793659170275554,0.004378271394412146
Talia,S03,epb_24_rr_ich_ch68_epm_bbpf_bc_NumberShape_S03.csv,Dig|20F/HD,0,0.26432457621210714,1.7858174715177861,0.29531139460685524,1.145434187704644,0.004378271394412146
Talia,S04,epb_11_rr_ich_ch68_epm_bbpf_bc_NumberShape_S04.csv,Dig|1F,1,0.14006250446174687,1.1229925182361147,0.435156112648927,0.476519239430599,0.0053745941975168205
Talia,S04,epb_12_rr_ich_ch68_epm_bbpf_bc_NumberShape_S04.csv,Dig|10F/S,1,0.315835675393233,1.277936899017175,0.5246757181183991,0.4326248989226399,0.0053745941975168205
Talia,S04,epb_13_rr_ich_ch68_epm_bbpf_bc_NumberShape_S04.csv,Dig|10F/M,1,0.3293015205467572,1.3334419154523975,0.2924157436598292,0.33977613454383293,0.0053745941975168205
Talia,S04,epb_14_rr_ich_ch68_epm_bbpf_bc_NumberShape_S04.csv,Dig|20F/HD,1,0.5153616308582617,1.0315667400568163,0.49040390727292515,0.5385148666173988,0.0053745941975168205
Talia,S04,epb_21_rr_ich_ch68_epm_bbpf_bc_NumberShape_S04.csv,Dig|1F,0,0.18780646050381997,1.180739804105363,0.5268219025960013,0.5285935894971713,0.0053745941975168205
Talia,S04,epb_22_rr_ich_ch68_epm_bbpf_bc_NumberShape_S04.csv,Dig|10F/S,0,0.1185308572569224,1.2765791997922211,0.7511226924473152,0.4283822841733685,0.0053745941975168205
Talia,S04,epb_23_rr_ich_ch68_epm_bbpf_bc_NumberShape_S04.csv,Dig|10F/M,0,0.21088590977354582,1.4032170334176928,0.36487702884711093,0.3282488144719298,0.0053745941975168205
Talia,S04,epb_24_rr_ich_ch68_epm_bbpf_bc_NumberShape_S04.csv,Dig|20F/HD,0,0.5805934903771269,1.1282765284852525,0.5394250820590435,0.5701623002945129,0.0053745941975168205
Talia,S05,epb_11_rr_ich_ch68_epm_bbpf_bc_NumberShape_S05_icf.csv,Dig|1F,1,0.35810347443367274,2.2828711616563533,0.45419224222477445,0.737339562403334,0.00479267575357533
Talia,S05,epb_12_rr_ich_ch68_epm_bbpf_bc_NumberShape_S05_icf.csv,Dig|10F/S,1,0.45241763083875286,2.4502339896071006,0.23361875443934185,0.6759764466508523,0.00479267575357533
Talia,S05,epb_13_rr_ich_ch68_epm_bbpf_bc_NumberShape_S05_icf.csv,Dig|10F/M,1,0.45830616159560034,2.131696182215474,0.33279947511197616,0.6914375130539286,0.00479267575357533
Talia,S05,epb_14_rr_ich_ch68_epm_bbpf_bc_NumberShape_S05_icf.csv,Dig|20F/HD,1,0.5805126433970776,2.612333862627843,0.8315309117500278,1.1531910769283054,0.00479267575357533
Talia,S05,epb_21_rr_ich_ch68_epm_bbpf_bc_NumberShape_S05_icf.csv,Dig|1F,0,0.3376589338536352,2.215807116211108,0.5129152905572866,0.6638314943286082,0.00479267575357533
Talia,S05,epb_22_rr_ich_ch68_epm_bbpf_bc_NumberShape_S05_icf.csv,Dig|10F/S,0,0.29826084867736175,2.510386195721749,0.31846058154687024,0.5972752245459328,0.00479267575357533
Talia,S05,epb_23_rr_ich_ch68_epm_bbpf_bc_NumberShape_S05_icf.csv,Dig|10F/M,0,0.26379195225687835,2.307926735334697,0.4244575658842197,0.817732291720827,0.00479267575357533
Talia,S05,epb_24_rr_ich_ch68_epm_bbpf_bc_NumberShape_S05_icf.csv,Dig|20F/HD,0,0.23939503323540903,2.489003140162391,0.3006361760898372,1.1448135788332283,0.00479267575357533
Talia,S06,epb_11_rr_ich_ch68_epm_bbpf_bc_NumberShape_S06_icf.csv,Dig|1F,1,0.4865929612415897,3.110127682027707,0.35519778703089705,1.319519548330753,0.005474064539614674
Talia,S06,epb_12_rr_ich_ch68_epm_bbpf_bc_NumberShape_S06_icf.csv,Dig|10F/S,1,0.372090773131778,2.99468247000605,0.28857443429615354,1.169450629439269,0.005474064539614674
Talia,S06,epb_13_rr_ich_ch68_epm_bbpf_bc_NumberShape_S06_icf.csv,Dig|10F/M,1,0.2522554256243504,2.518026404071784,0.3602151406402021,1.1734995985790382,0.005474064539614674
Talia,S06,epb_14_rr_ich_ch68_epm_bbpf_bc_NumberShape_S06_icf.csv,Dig|20F/HD,1,0.3709191456717106,2.288142167489269,0.604085830817325,0.9392769484872169,0.005474064539614674
Talia,S06,epb_21_rr_ich_ch68_epm_bbpf_bc_NumberShape_S06_icf.csv,Dig|1F,0,0.527610248348354,3.0758956265823936,0.4371334324813592,1.3258925906230126,0.005474064539614674
Talia,S06,epb_22_rr_ich_ch68_epm_bbpf_bc_NumberShape_S06_icf.csv,Dig|10F/S,0,0.3214655948851798,3.3223694243126185,0.5326395664433373,1.40986197576227,0.005474064539614674
Talia,S06,epb_23_rr_ich_ch68_epm_bbpf_bc_NumberShape_S06_icf.csv,Dig|10F/M,0,0.4266164496185871,2.503817226849511,0.41028018477370454,1.0954295698765986,0.005474064539614674
Talia,S06,epb_24_rr_ich_ch68_epm_bbpf_bc_NumberShape_S06_icf.csv,Dig|20F/HD,0,1.0994100020241504,2.337532085291793,0.6586862039685748,0.9404542730834555,0.005474064539614674
Talia,S07,epb_11_rr_ich_ch68_epm_bbpf_bc_NumberShape_S07_icf.csv,Dig|1F,1,0.5215907099420827,0.8700400814987864,0.6618718095774173,0.5050524237795343,0.006695421868759821
Talia,S07,epb_12_rr_ich_ch68_epm_bbpf_bc_NumberShape_S07_icf.csv,Dig|10F/S,1,0.5580783944113245,1.2153240538489198,0.6088529960436648,0.8004037444622292,0.006695421868759821
Talia,S07,epb_13_rr_ich_ch68_epm_bbpf_bc_NumberShape_S07_icf.csv,Dig|10F/M,1,0.40857516320543086,1.1621362571341471,0.6291671644962639,0.7780988902918371,0.006695421868759821
Talia,S07,epb_14_rr_ich_ch68_epm_bbpf_bc_NumberShape_S07_icf.csv,Dig|20F/HD,1,0.6366671636424021,1.0936094989969007,0.783851873464912,0.7398765516393929,0.006695421868759821
Talia,S07,epb_21_rr_ich_ch68_epm_bbpf_bc_NumberShape_S07_icf.csv,Dig|1F,0,0.2691382550017123,0.8834002027515967,0.3773892725324509,0.5807094892047382,0.006695421868759821
Talia,S07,epb_22_rr_ich_ch68_epm_bbpf_bc_NumberShape_S07_icf.csv,Dig|10F/S,0,0.21875457575466992,1.2413539175110688,0.4621074739615362,0.8447245035803453,0.006695421868759821
Talia,S07,epb_23_rr_ich_ch68_epm_bbpf_bc_NumberShape_S07_icf.csv,Dig|10F/M,0,0.4173788087504695,1.2035158978121998,0.37305116237872293,0.8546226268132469,0.006695421868759821
Talia,S07,epb_24_rr_ich_ch68_epm_bbpf_bc_NumberShape_S07_icf.csv,Dig|20F/HD,0,0.7104898720984194,1.093189945824409,0.4526160230685727,0.7034810181092033,0.006695421868759821
Talia,S08,epb_11_rr_ich_ch68_epm_bbpf_bc_NumberShape_S08.csv,Dig|1F,1,0.5208120084718931,1.1696744114217048,0.42910915365277097,0.3843971921526163,0.0028051034917892957
Talia,S08,epb_12_rr_ich_ch68_epm_bbpf_bc_NumberShape_S08.csv,Dig|10F/S,1,0.5317298588548395,1.4332309458651897,0.6349916081862195,0.47201187411942047,0.0028051034917892957
Talia,S08,epb_13_rr_ich_ch68_epm_bbpf_bc_NumberShape_S08.csv,Dig|10F/M,1,0.5624016385831059,1.125601128831516,0.29057625219932465,0.3485435963851914,0.0028051034917892957
Talia,S08,epb_14_rr_ich_ch68_epm_bbpf_bc_NumberShape_S08.csv,Dig|20F/HD,1,0.7404488154769883,1.0919305781420638,0.4684857935399701,0.6348430556882867,0.0028051034917892957
Talia,S08,epb_21_rr_ich_ch68_epm_bbpf_bc_NumberShape_S08.csv,Dig|1F,0,0.17534372333846274,1.2483208635890142,0.4045987694890394,0.3508134345573859,0.0028051034917892957
Talia,S08,epb_22_rr_ich_ch68_epm_bbpf_bc_NumberShape_S08.csv,Dig|10F/S,0,0.30705699310543705,1.5485317628947712,0.23393902591841376,0.5890929436831771,0.0028051034917892957
Talia,S08,epb_23_rr_ich_ch68_epm_bbpf_bc_NumberShape_S08.csv,Dig|10F/M,0,0.24548440508277533,1.085219059403153,0.28291688934181175,0.4659015499061626,0.0028051034917892957
Talia,S08,epb_24_rr_ich_ch68_epm_bbpf_bc_NumberShape_S08.csv,Dig|20F/HD,0,0.35740334821681785,1.2309923336890156,0.2739884610943063,0.6424136528750748,0.0028051034917892957
Talia,S09,epb_11_rr_ich_ch68_epm_bbpf_bc_NumberShape_S09.csv,Dig|1F,1,1.0485136346110706,1.8736345419662246,0.8330773705499521,0.36567592669105947,0.010506865047563055
Talia,S09,epb_12_rr_ich_ch68_epm_bbpf_bc_NumberShape_S09.csv,Dig|10F/S,1,1.0981801103299356,2.091200720483328,0.6079118674032351,0.5156881287086046,0.010506865047563055
Talia,S09,epb_13_rr_ich_ch68_epm_bbpf_bc_NumberShape_S09.csv,Dig|10F/M,1,0.8991506029250426,1.627934083656948,0.9084819153073095,0.35237821591108165,0.010506865047563055
Talia,S09,epb_14_rr_ich_ch68_epm_bbpf_bc_NumberShape_S09.csv,Dig|20F/HD,1,1.4952972508206563,1.5321638184198423,1.2699855639367754,0.5818532438650929,0.010506865047563055
Talia,S09,epb_21_rr_ich_ch68_epm_bbpf_bc_NumberShape_S09.csv,Dig|1F,0,0.592250099833913,1.693161504904797,0.7296823247694596,0.33853965504933686,0.010506865047563055
Talia,S09,epb_22_rr_ich_ch68_epm_bbpf_bc_NumberShape_S09.csv,Dig|10F/S,0,0.2954568797150038,1.910960890450439,0.32623878064451795,0.43648001772164796,0.010506865047563055
Talia,S09,epb_23_rr_ich_ch68_epm_bbpf_bc_NumberShape_S09.csv,Dig|10F/M,0,0.1837308268382879,1.5657486141248054,0.19070061602100585,0.3769652498024418,0.010506865047563055
Talia,S09,epb_24_rr_ich_ch68_epm_bbpf_bc_NumberShape_S09.csv,Dig|20F/HD,0,0.4887887577291399,1.5398399533367224,0.3624887746893588,0.7277960623452007,0.010506865047563055
Talia,S10,epb_11_rr_ich_ch68_epm_bbpf_bc_NumberShape_S10.csv,Dig|1F,1,0.8071258634219949,1.923241264527541,0.7259437309499602,0.9344251821833415,0.007426995219550443
Talia,S10,epb_12_rr_ich_ch68_epm_bbpf_bc_NumberShape_S10.csv,Dig|10F/S,1,0.817576964166024,2.070299055696545,0.4528414403497878,1.263438888309251,0.007426995219550443
Talia,S10,epb_13_rr_ich_ch68_epm_bbpf_bc_NumberShape_S10.csv,Dig|10F/M,1,0.6379063519489442,1.781296839920859,0.2710416811035313,0.6561848905917841,0.007426995219550443
Talia,S10,epb_14_rr_ich_ch68_epm_bbpf_bc_NumberShape_S10.csv,Dig|20F/HD,1,0.9786752040957883,1.4201395219340935,0.5586346176943374,0.8146599125444669,0.007426995219550443
Talia,S10,epb_21_rr_ich_ch68_epm_bbpf_bc_NumberShape_S10.csv,Dig|1F,0,0.2191771274879684,1.786275262158173,0.1864551769503947,0.8906912791474432,0.007426995219550443
Talia,S10,epb_22_rr_ich_ch68_epm_bbpf_bc_NumberShape_S10.csv,Dig|10F/S,0,0.3278146040953499,1.9093067098556136,0.405344360768774,1.165305304343933,0.007426995219550443
Talia,S10,epb_23_rr_ich_ch68_epm_bbpf_bc_NumberShape_S10.csv,Dig|10F/M,0,0.41572104368300056,1.8014123706969636,0.37496596896110335,0.7334384830244289,0.007426995219550443
Talia,S10,epb_24_rr_ich_ch68_epm_bbpf_bc_NumberShape_S10.csv,Dig|20F/HD,0,0.6071756081927903,1.2266593063051094,0.44194590566692366,0.5530222269862756,0.007426995219550443
Talia,S11,epb_11_rr_ich_ch68_epm_bbpf_bc_NumberShape_S11.csv,Dig|1F,1,0.5651490774170229,2.3092677605834733,0.33977011986551653,0.5601065231689949,0.0056829098746114795
Talia,S11,epb_12_rr_ich_ch68_epm_bbpf_bc_NumberShape_S11.csv,Dig|10F/S,1,0.476222991234449,1.9472898432993415,0.3748300187754121,0.3892077137621931,0.0056829098746114795
Talia,S11,epb_13_rr_ich_ch68_epm_bbpf_bc_NumberShape_S11.csv,Dig|10F/M,1,0.930591643696413,2.1619930009581982,0.8113879818104236,0.4634749030188257,0.0056829098746114795
Talia,S11,epb_14_rr_ich_ch68_epm_bbpf_bc_NumberShape_S11.csv,Dig|20F/HD,1,1.1219729497328352,2.437915487804518,1.0558309673035178,0.5734819331374424,0.0056829098746114795
Talia,S11,epb_21_rr_ich_ch68_epm_bbpf_bc_NumberShape_S11.csv,Dig|1F,0,0.6102789191731045,2.158028901462686,0.8896706467998089,0.5376096072341384,0.0056829098746114795
Talia,S11,epb_22_rr_ich_ch68_epm_bbpf_bc_NumberShape_S11.csv,Dig|10F/S,0,0.20810118044075862,1.954410082931038,0.4068172796801851,0.38845387583749147,0.0056829098746114795
Talia,S11,epb_23_rr_ich_ch68_epm_bbpf_bc_NumberShape_S11.csv,Dig|10F/M,0,0.5504254925277334,2.0861614579208356,0.49281563000786965,0.4469307583889754,0.0056829098746114795
Talia,S11,epb_24_rr_ich_ch68_epm_bbpf_bc_NumberShape_S11.csv,Dig|20F/HD,0,1.122730600277955,2.3969956240301284,0.35559960121282436,0.41054111961155537,0.0056829098746114795
Talia,S12,epb_11_rr_ich_ch68_epm_bbpf_bc_NumberShape_S12.csv,Dig|1F,1,0.311061713398514,2.26174087271715,0.6462517675355476,1.151239578916087,0.00405567877944554
Talia,S12,epb_12_rr_ich_ch68_epm_bbpf_bc_NumberShape_S12.csv,Dig|10F/S,1,0.7180617249716239,2.03272957950345,1.0153786680505645,1.0463019417015962,0.00405567877944554
Talia,S12,epb_13_rr_ich_ch68_epm_bbpf_bc_NumberShape_S12.csv,Dig|10F/M,1,0.4204627215118566,1.8337214208577004,0.6338069729921777,0.8397108293078491,0.00405567877944554
Talia,S12,epb_14_rr_ich_ch68_epm_bbpf_bc_NumberShape_S12.csv,Dig|20F/HD,1,0.36975127909266764,1.684141594865049,0.46437906448143274,1.0004985174931733,0.00405567877944554
Talia,S12,epb_21_rr_ich_ch68_epm_bbpf_bc_NumberShape_S12.csv,Dig|1F,0,0.5753986284985027,1.988228960148235,0.7368738979209841,1.1178683713287212,0.00405567877944554
Talia,S12,epb_22_rr_ich_ch68_epm_bbpf_bc_NumberShape_S12.csv,Dig|10F/S,0,0.3499775101687599,2.181601270008347,0.5549375637832553,1.4118793589047627,0.00405567877944554
Talia,S12,epb_23_rr_ich_ch68_epm_bbpf_bc_NumberShape_S12.csv,Dig|10F/M,0,0.21412526491605066,1.6750654879677689,0.4825985071053993,0.6844528200470379,0.00405567877944554
Talia,S12,epb_24_rr_ich_ch68_epm_bbpf_bc_NumberShape_S12.csv,Dig|20F/HD,0,0.5645679483856632,1.7081423334378207,0.43320110855182986,1.1204950039594384,0.00405567877944554
Talia,S13,epb_11_rr_ich_ch68_epm_bbpf_bc_NumberShape_S13.csv,Dig|1F,1,0.8377145962076373,2.036707387472574,0.9579975086548228,0.9318970073831051,0.004343563812729653
Talia,S13,epb_12_rr_ich_ch68_epm_bbpf_bc_NumberShape_S13.csv,Dig|10F/S,1,0.318720360611166,2.386199982925977,0.38776143192128587,1.2042202133539526,0.004343563812729653
Talia,S13,epb_13_rr_ich_ch68_epm_bbpf_bc_NumberShape_S13.csv,Dig|10F/M,1,0.3871391313540308,1.3286301284448854,0.38187556204104905,0.6902241088800477,0.004343563812729653
Talia,S13,epb_14_rr_ich_ch68_epm_bbpf_bc_NumberShape_S13.csv,Dig|20F/HD,1,0.659779383058273,1.465708788988728,0.6473518514061832,0.8685618060569161,0.004343563812729653
Talia,S13,epb_21_rr_ich_ch68_epm_bbpf_bc_NumberShape_S13.csv,Dig|1F,0,0.2901323108940255,2.044889178142424,0.35217086680733256,0.872054661319335,0.004343563812729653
Talia,S13,epb_22_rr_ich_ch68_epm_bbpf_bc_NumberShape_S13.csv,Dig|10F/S,0,0.3241024764933988,2.563148569029891,0.4468485311932493,1.4806577072038367,0.004343563812729653
Talia,S13,epb_23_rr_ich_ch68_epm_bbpf_bc_NumberShape_S13.csv,Dig|10F/M,0,0.4569358942507353,1.3811145771518194,0.44969103573329106,0.790366911863738,0.004343563812729653
Talia,S13,epb_24_rr_ich_ch68_epm_bbpf_bc_NumberShape_S13.csv,Dig|20F/HD,0,0.6404193202461017,1.8364554489818385,0.37524027365179846,1.142903833779201,0.004343563812729653
Talia,S14,epb_11_rr_ich_ch68_epm_bbpf_bc_NumberShape_S14.csv,Dig|1F,1,0.27111655789371736,1.5637759389499875,0.3244951532123195,0.48141192094641605,0.007131246820556493
Talia,S14,epb_12_rr_ich_ch68_epm_bbpf_bc_NumberShape_S14.csv,Dig|10F/S,1,0.2825912642573243,1.8308397234353166,0.2472628407766125,0.8462547694064209,0.007131246820556493
Talia,S14,epb_13_rr_ich_ch68_epm_bbpf_bc_NumberShape_S14.csv,Dig|10F/M,1,0.4025936143946175,1.9355881631988967,0.29788332390887895,0.8212989441962673,0.007131246820556493
Talia,S14,epb_14_rr_ich_ch68_epm_bbpf_bc_NumberShape_S14.csv,Dig|20F/HD,1,0.760835546399611,1.5124330984792427,0.822438691265472,0.8175865462433749,0.007131246820556493
Talia,S14,epb_21_rr_ich_ch68_epm_bbpf_bc_NumberShape_S14.csv,Dig|1F,0,0.5909490208299312,1.4612392395284157,0.3942876684363822,0.38655589768084453,0.007131246820556493
Talia,S14,epb_22_rr_ich_ch68_epm_bbpf_bc_NumberShape_S14.csv,Dig|10F/S,0,0.36020945596938075,1.8412395945122473,0.25887463996906673,0.7680029710955661,0.007131246820556493
Talia,S14,epb_23_rr_ich_ch68_epm_bbpf_bc_NumberShape_S14.csv,Dig|10F/M,0,0.8005518991425401,1.9588185591745406,0.5430703196142919,0.8620874008601563,0.007131246820556493
Talia,S14,epb_24_rr_ich_ch68_epm_bbpf_bc_NumberShape_S14.csv,Dig|20F/HD,0,1.2357834971651305,1.4641776353208666,0.34204340406776856,0.821700772763007,0.007131246820556493
Talia,S15,epb_11_rr_ich_ch68_epm_bbpf_bc_NumberShape_S15.csv,Dig|1F,1,0.6292478245729126,1.6304481701836595,0.3108043668289665,1.0052496734274003,0.004246751099776657
Talia,S15,epb_12_rr_ich_ch68_epm_bbpf_bc_NumberShape_S15.csv,Dig|10F/S,1,0.6991718403969392,1.581266988510839,0.5357912454063397,0.9206537673922345,0.004246751099776657
Talia,S15,epb_13_rr_ich_ch68_epm_bbpf_bc_NumberShape_S15.csv,Dig|10F/M,1,0.5105333776119357,1.859985610359299,0.24234390674840084,0.8654494464902958,0.004246751099776657
Talia,S15,epb_14_rr_ich_ch68_epm_bbpf_bc_NumberShape_S15.csv,Dig|20F/HD,1,0.4653595669453866,1.813531752735489,0.6189450916176702,0.7019555270593479,0.004246751099776657
Talia,S15,epb_21_rr_ich_ch68_epm_bbpf_bc_NumberShape_S15.csv,Dig|1F,0,0.5022644635136075,1.574906149988104,0.3370450995263184,1.0376116075685498,0.004246751099776657
Talia,S15,epb_22_rr_ich_ch68_epm_bbpf_bc_NumberShape_S15.csv,Dig|10F/S,0,0.2011099165370083,1.4758536169309298,0.43211975621088966,0.9868093364324204,0.004246751099776657
Talia,S15,epb_23_rr_ich_ch68_epm_bbpf_bc_NumberShape_S15.csv,Dig|10F/M,0,0.1760174358102041,1.7513786678235372,0.4599236224988452,0.8633532274324169,0.004246751099776657
Talia,S15,epb_24_rr_ich_ch68_epm_bbpf_bc_NumberShape_S15.csv,Dig|20F/HD,0,0.39243369035370235,1.775696240592031,0.37918341839946723,0.6855642013682754,0.004246751099776657
