dataset,subject,measure,z,p,n_assignments,q
Angelique,S02,learned_diff,-0.5312078276939558,0.7265625,64,0.9825721153846154
Angelique,S03,learned_diff,-0.1026215928721919,0.5234375,64,0.97265625
Angelique,S04,learned_diff,-0.8090430154619982,0.7578125,64,0.9825721153846154
Angelique,S05,learned_diff,-0.16393861426702275,0.5546875,64,0.97265625
Angelique,S07,learned_diff,0.30610596649725574,0.3828125,64,0.97265625
Angelique,S08,learned_diff,-0.15419640323597192,0.5390625,64,0.97265625
Angelique,S09,learned_diff,0.23897172508124184,0.3984375,64,0.97265625
Angelique,S10,learned_diff,0.920885546936381,0.2109375,64,0.97265625
Angelique,S11,learned_diff,0.5157092987875707,0.3359375,64,0.97265625
Angelique,S13,learned_diff,0.07264501582142273,0.4765625,64,0.97265625
Angelique,S15,learned_diff,1.4306889705228356,0.1015625,64,0.76171875
Angelique,S16,learned_diff,0.9786487537284907,0.203125,32,0.97265625
Angelique,S18,learned_diff,-2.0164924299981686,0.9921875,64,0.9921875
Angelique,S19,learned_diff,0.4118753072416902,0.3515625,64,0.97265625
Angelique,S21,learned_diff,-0.3646099611623936,0.6484375,64,0.97265625
Angelique,S22,learned_diff,-1.0085297141854472,0.8203125,64,0.9825721153846154
Angelique,S23,learned_diff,-0.9315776479703805,0.7890625,64,0.9825721153846154
Angelique,S24,learned_diff,-1.1502721860334397,0.8515625,64,0.9825721153846154
Angelique,S25,learned_diff,-1.451172681319357,0.9296875,64,0.9921875
Angelique,S26,learned_diff,1.924956611337439,0.0234375,64,0.3515625
Angelique,S27,learned_diff,0.06041625243257537,0.4609375,64,0.97265625
Angelique,S28,learned_diff,-1.2087813937743688,0.8203125,64,0.9825721153846154
Angelique,S29,learned_diff,1.7854636405975162,0.0390625,64,0.390625
Angelique,S31,learned_diff,0.7669810255007095,0.2578125,64,0.97265625
Angelique,S32,learned_diff,-1.8736238099951588,0.9765625,64,0.9921875
Angelique,S33,learned_diff,-0.5377468123743775,0.6484375,64,0.97265625
Angelique,S34,learned_diff,-0.2563382624711877,0.6484375,64,0.97265625
Angelique,S35,learned_diff,-1.5725667738373368,0.9453125,64,0.9921875
Angelique,S37,learned_diff,0.523947155324783,0.3046875,64,0.97265625
Angelique,S38,learned_diff,2.2316803711333413,0.0078125,64,0.234375
Talia,S01,learned_diff,-0.008892148549399086,0.53125,16,0.796875
Talia,S02,learned_diff,-1.4069250640904118,0.96875,16,0.96875
Talia,S03,learned_diff,1.539926778793115,0.09375,16,0.46875
Talia,S04,learned_diff,-1.456713207793889,0.90625,16,0.96875
Talia,S05,learned_diff,1.1128604997056892,0.21875,16,0.52734375
Talia,S06,learned_diff,-0.5837233146508388,0.71875,16,0.8984375
Talia,S07,learned_diff,1.238813687332002,0.15625,16,0.52734375
Talia,S08,learned_diff,0.1488956571444741,0.40625,16,0.6770833333333334
Talia,S09,learned_diff,1.6938457449753788,0.03125,16,0.46875
Talia,S10,learned_diff,0.7453814606191644,0.21875,16,0.52734375
Talia,S11,learned_diff,0.5655111579123496,0.28125,16,0.52734375
Talia,S12,learned_diff,-0.595037700736271,0.65625,16,0.8948863636363636
Talia,S13,learned_diff,0.7491099047833764,0.28125,16,0.52734375
Talia,S14,learned_diff,-1.5201955550035087,0.96875,16,0.96875
Talia,S15,learned_diff,1.3536300465593936,0.09375,16,0.46875
Angelique,S02,learned_mean,1.045202559478619,0.1640625,64,0.703125
Angelique,S03,learned_mean,-1.0616920349109027,0.8203125,64,0.880926724137931
Angelique,S04,learned_mean,0.10596832544382678,0.4921875,64,0.7771381578947368
Angelique,S05,learned_mean,0.023379110934375533,0.4921875,64,0.7771381578947368
Angelique,S07,learned_mean,1.4823419178918975,0.0546875,64,0.41015625
Angelique,S08,learned_mean,0.6421463202588107,0.3359375,64,0.7771381578947368
Angelique,S09,learned_mean,-0.3893300371077038,0.6171875,64,0.8050271739130435
Angelique,S10,learned_mean,-0.2858966769574875,0.6171875,64,0.8050271739130435
Angelique,S11,learned_mean,1.482744763307501,0.0546875,64,0.41015625
Angelique,S13,learned_mean,0.8900853046346481,0.2578125,64,0.7734375
Angelique,S15,learned_mean,-0.08337451674674953,0.5390625,64,0.8050271739130435
Angelique,S16,learned_mean,-1.0225415181709911,0.828125,32,0.880926724137931
Angelique,S18,learned_mean,1.240099417916104,0.1015625,64,0.609375
Angelique,S19,learned_mean,0.09018962541137504,0.4765625,64,0.7771381578947368
Angelique,S21,learned_mean,1.5207355985888897,0.0546875,64,0.41015625
Angelique,S22,learned_mean,0.43690634045662047,0.3984375,64,0.7771381578947368
Angelique,S23,learned_mean,-1.0213376477570248,0.8203125,64,0.880926724137931
Angelique,S24,learned_mean,-0.9694517497813046,0.8515625,64,0.880926724137931
Angelique,S25,learned_mean,1.7619813858801796,0.0234375,64,0.41015625
Angelique,S26,learned_mean,0.9452931085774579,0.1953125,64,0.703125
Angelique,S27,learned_mean,-0.17345859732612257,0.5859375,64,0.8050271739130435
Angelique,S28,learned_mean,0.6651355069603234,0.3203125,64,0.7771381578947368
Angelique,S29,learned_mean,0.8684069011529248,0.2109375,64,0.703125
Angelique,S31,learned_mean,-0.4355367160108929,0.6484375,64,0.810546875
Angelique,S32,learned_mean,-1.363092521126404,0.8828125,64,0.8828125
Angelique,S33,learned_mean,0.35957274373175496,0.3828125,64,0.7771381578947368
Angelique,S34,learned_mean,0.7580466090756568,0.2109375,64,0.703125
Angelique,S35,learned_mean,-1.018428581992772,0.8046875,64,0.880926724137931
Angelique,S37,learned_mean,0.2407439761860831,0.4609375,64,0.7771381578947368
Angelique,S38,learned_mean,0.162411911503683,0.4296875,64,0.7771381578947368
Talia,S01,learned_mean,-0.18643701360435952,0.59375,16,0.96875
Talia,S02,learned_mean,-1.6842470707050767,0.96875,16,0.96875
Talia,S03,learned_mean,1.7892484521016403,0.03125,16,0.15625
Talia,S04,learned_mean,-1.4759389586132896,0.96875,16,0.96875
Talia,S05,learned_mean,-0.05979796487141234,0.53125,16,0.96875
Talia,S06,learned_mean,-1.1979933593186378,0.90625,16,0.96875
Talia,S07,learned_mean,-1.1948889695216958,0.84375,16,0.96875
Talia,S08,learned_mean,-1.4636281201493944,0.90625,16,0.96875
Talia,S09,learned_mean,1.5764423040708182,0.03125,16,0.15625
Talia,S10,learned_mean,1.6280195109495388,0.09375,16,0.3515625
Talia,S11,learned_mean,1.3315713961363762,0.15625,16,0.390625
Talia,S12,learned_mean,0.834459150551358,0.28125,16,0.6026785714285714
Talia,S13,learned_mean,-0.6891203552437215,0.71875,16,0.96875
Talia,S14,learned_mean,1.1667705132462276,0.15625,16,0.390625
Talia,S15,learned_mean,1.9003879082738375,0.03125,16,0.15625
Angelique,S02,roi_diff,1.4379258150617513,0.0703125,64,0.5022321428571429
Angelique,S03,roi_diff,1.1884234058657495,0.1171875,64,0.5022321428571429
Angelique,S04,roi_diff,-0.7394488664041745,0.7421875,64,0.8246527777777778
Angelique,S05,roi_diff,-1.276151096107018,0.8828125,64,0.8828125
Angelique,S07,roi_diff,1.334303638160511,0.1171875,64,0.5022321428571429
Angelique,S08,roi_diff,1.0148071883235137,0.1796875,64,0.5390625
Angelique,S09,roi_diff,2.0664514975611126,0.0078125,64,0.1171875
Angelique,S10,roi_diff,-0.4355167437411603,0.6796875,64,0.8203125
Angelique,S11,roi_diff,-0.08436034949237696,0.5234375,64,0.8203125
Angelique,S13,roi_diff,0.49782067820901155,0.3359375,64,0.7752403846153846
Angelique,S15,roi_diff,1.5029473637642932,0.0859375,64,0.5022321428571429
Angelique,S16,roi_diff,1.015525830416072,0.171875,32,0.5390625
Angelique,S18,roi_diff,-0.7784325292993739,0.7109375,64,0.8203125
Angelique,S19,roi_diff,-0.054989397087874835,0.5234375,64,0.8203125
Angelique,S21,roi_diff,-0.4394872753961119,0.6796875,64,0.8203125
Angelique,S22,roi_diff,-0.5288291949941727,0.6953125,64,0.8203125
Angelique,S23,roi_diff,2.2308740339170803,0.0078125,64,0.1171875
Angelique,S24,roi_diff,1.4088436856391449,0.1015625,64,0.5022321428571429
Angelique,S25,roi_diff,-1.1635966542471192,0.8671875,64,0.8828125
Angelique,S26,roi_diff,0.9617455944325471,0.1796875,64,0.5390625
Angelique,S27,roi_diff,-0.3108117841304836,0.6484375,64,0.8203125
Angelique,S28,roi_diff,-0.06380817586410835,0.5078125,64,0.8203125
Angelique,S29,roi_diff,-1.0934511312790522,0.8515625,64,0.8828125
Angelique,S31,roi_diff,-0.07173459284098227,0.5234375,64,0.8203125
Angelique,S32,roi_diff,0.8924204083174051,0.2109375,64,0.5752840909090909
Angelique,S33,roi_diff,-0.6229052080709467,0.7109375,64,0.8203125
Angelique,S34,roi_diff,0.8112770535265038,0.2578125,64,0.64453125
Angelique,S35,roi_diff,0.16868964488712224,0.4140625,64,0.8203125
Angelique,S37,roi_diff,-0.23063955242314332,0.5859375,64,0.8203125
Angelique,S38,roi_diff,-0.09669774592525533,0.5703125,64,0.8203125
Talia,S01,roi_diff,0.9785310302905728,0.15625,16,0.33482142857142855
Talia,S02,roi_diff,0.03956181441745325,0.46875,16,0.5408653846153846
Talia,S03,roi_diff,1.6308824157228996,0.03125,16,0.1171875
Talia,S04,roi_diff,-1.6402860143281346,0.96875,16,0.96875
Talia,S05,roi_diff,0.521899162550697,0.46875,16,0.5408653846153846
Talia,S06,roi_diff,-1.5565322770169272,0.96875,16,0.96875
Talia,S07,roi_diff,1.8712528743661767,0.03125,16,0.1171875
Talia,S08,roi_diff,1.3613288993639578,0.03125,16,0.1171875
Talia,S09,roi_diff,1.6284416133807016,0.03125,16,0.1171875
Talia,S10,roi_diff,1.0302281115642011,0.15625,16,0.33482142857142855
Talia,S11,roi_diff,0.4471128523230254,0.34375,16,0.5408653846153846
Talia,S12,roi_diff,1.0822881967673466,0.15625,16,0.33482142857142855
Talia,S13,roi_diff,1.0850387265971297,0.21875,16,0.41015625
Talia,S14,roi_diff,0.2737657806977222,0.46875,16,0.5408653846153846
Talia,S15,roi_diff,0.2828653482417809,0.40625,16,0.5408653846153846
Angelique,S02,roi_mean,1.7352919522470704,0.0390625,64,0.29296875
Angelique,S03,roi_mean,1.143883505348725,0.1328125,64,0.48677884615384615
Angelique,S04,roi_mean,1.722780806984643,0.0546875,64,0.328125
Angelique,S05,roi_mean,0.40246333871366635,0.3515625,64,0.5550986842105263
Angelique,S07,roi_mean,1.0398889003546876,0.1640625,64,0.48677884615384615
Angelique,S08,roi_mean,0.43220237761065905,0.3046875,64,0.5550986842105263
Angelique,S09,roi_mean,-0.3660973130867592,0.6328125,64,0.796875
Angelique,S10,roi_mean,-0.6623161459931127,0.7109375,64,0.8072916666666666
Angelique,S11,roi_mean,1.4445823362569485,0.0703125,64,0.3515625
Angelique,S13,roi_mean,0.16992549940717788,0.4765625,64,0.6808035714285714
Angelique,S15,roi_mean,1.1291679680979723,0.1796875,64,0.48677884615384615
Angelique,S16,roi_mean,-0.7565034679259649,0.796875,32,0.8537946428571429
Angelique,S18,roi_mean,0.3307651321237935,0.3515625,64,0.5550986842105263
Angelique,S19,roi_mean,-0.6626756819524474,0.7265625,64,0.8072916666666666
Angelique,S21,roi_mean,2.0579303288592796,0.0078125,64,0.1171875
Angelique,S22,roi_mean,1.2105652973817633,0.1953125,64,0.48677884615384615
Angelique,S23,roi_mean,0.452731568135567,0.3203125,64,0.5550986842105263
Angelique,S24,roi_mean,1.0793948216329616,0.1640625,64,0.48677884615384615
Angelique,S25,roi_mean,0.8872345430303611,0.2109375,64,0.48677884615384615
Angelique,S26,roi_mean,1.9866701606344093,0.0078125,64,0.1171875
Angelique,S27,roi_mean,-0.33277936448959416,0.6484375,64,0.796875
Angelique,S28,roi_mean,-0.04835645278298452,0.5078125,64,0.6924715909090909
Angelique,S29,roi_mean,0.6268953183011885,0.2734375,64,0.5550986842105263
Angelique,S31,roi_mean,1.5849917975966898,0.0390625,64,0.29296875
Angelique,S32,roi_mean,-0.7234122975406243,0.6640625,64,0.796875
Angelique,S33,roi_mean,1.2994875759007731,0.1328125,64,0.48677884615384615
Angelique,S34,roi_mean,-1.1301944892729183,0.8671875,64,0.8970905172413793
Angelique,S35,roi_mean,-1.6304263729201296,0.9765625,64,0.9765625
Angelique,S37,roi_mean,0.08106591072827968,0.4453125,64,0.66796875
Angelique,S38,roi_mean,0.7912490466758737,0.2890625,64,0.5550986842105263
Talia,S01,roi_mean,0.08165044741387295,0.40625,16,0.90625
Talia,S02,roi_mean,-0.6825716353251663,0.71875,16,0.90625
Talia,S03,roi_mean,1.112377389429938,0.15625,16,0.78125
Talia,S04,roi_mean,-1.0584209251253391,0.78125,16,0.90625
Talia,S05,roi_mean,0.19979447231274441,0.40625,16,0.90625
Talia,S06,roi_mean,-0.6505639081217418,0.71875,16,0.90625
Talia,S07,roi_mean,-1.2713197692207452,0.90625,16,0.90625
Talia,S08,roi_mean,-1.1919370727531178,0.84375,16,0.90625
Talia,S09,roi_mean,-0.3654830942521601,0.59375,16,0.90625
Talia,S10,roi_mean,1.0773995631588567,0.15625,16,0.78125
Talia,S11,roi_mean,1.1873952543200257,0.03125,16,0.46875
Talia,S12,roi_mean,-0.6907265697932518,0.65625,16,0.90625
Talia,S13,roi_mean,-1.4076911618337513,0.90625,16,0.90625
Talia,S14,roi_mean,0.9576687325568358,0.21875,16,0.8203125
Talia,S15,roi_mean,-1.026639629831141,0.78125,16,0.90625
