dataset,subject,variant,arm,stat,z,p,n_assignments
Angelique,S02,A0_tdca,disc,0.00965973718131395,1.0895231498093083,0.203125,64
Angelique,S03,A0_tdca,disc,0.0062744029377297455,1.7803551304717289,0.015625,64
Angelique,S04,A0_tdca,disc,0.00015711324562057112,0.053580570774848735,0.390625,64
Angelique,S05,A0_tdca,disc,0.0014351880836005217,0.5615462573766945,0.328125,64
Angelique,S07,A0_tdca,disc,0.0105841799455465,1.6827190853427245,0.046875,64
Angelique,S08,A0_tdca,disc,-0.0012963877995707607,0.024037878120549215,0.421875,64
Angelique,S09,A0_tdca,disc,0.0028874290636695782,1.8948181517753708,0.046875,64
Angelique,S10,A0_tdca,disc,0.0010256658305958222,1.1205409356019942,0.171875,64
Angelique,S11,A0_tdca,disc,0.0021341987316028216,0.29966006966346587,0.421875,64
Angelique,S13,A0_tdca,disc,0.009486897667680854,1.3586763552149834,0.140625,64
Angelique,S15,A0_tdca,disc,0.014073715586799465,2.4950761862414645,0.046875,64
Angelique,S16,A0_tdca,disc,0.006460000442043561,1.7931161486512341,0.078125,32
Angelique,S18,A0_tdca,disc,0.006477877430151285,1.1935498076876483,0.109375,64
Angelique,S19,A0_tdca,disc,-0.004365861859353753,-0.4498481950402361,0.578125,64
Angelique,S21,A0_tdca,disc,-0.0013646107694237927,0.4621522896407926,0.390625,64
Angelique,S22,A0_tdca,disc,0.001419267842370349,0.9869675114552193,0.171875,64
Angelique,S23,A0_tdca,disc,-0.0032757395212182137,-0.14042075146289143,0.546875,64
Angelique,S24,A0_tdca,disc,0.012893764345992596,1.9479974938044375,0.046875,64
Angelique,S25,A0_tdca,disc,9.820857884388083e-05,0.9753252162882482,0.140625,64
Angelique,S26,A0_tdca,disc,0.002862064924544738,0.8426014376238449,0.171875,64
Angelique,S27,A0_tdca,disc,-0.00539421544378759,0.18053250645195634,0.515625,64
Angelique,S28,A0_tdca,disc,-0.0038116313320728967,-0.31933096302476915,0.578125,64
Angelique,S29,A0_tdca,disc,0.0069898145369753405,1.2123178506871943,0.109375,64
Angelique,S31,A0_tdca,disc,-0.0005259084655456842,0.6349673761521152,0.234375,64
Angelique,S32,A0_tdca,disc,0.0064552697211601095,1.9643618077033098,0.046875,64
Angelique,S33,A0_tdca,disc,-0.0049327950145776215,-0.9926035195817443,0.796875,64
Angelique,S34,A0_tdca,disc,0.016374312001607865,1.6431203845066178,0.046875,64
Angelique,S35,A0_tdca,disc,0.005381520118644795,0.7910425194738789,0.203125,64
Angelique,S37,A0_tdca,disc,0.003385028736400558,0.671907419649853,0.296875,64
Angelique,S38,A0_tdca,disc,0.0029454296326172093,0.6864540397887604,0.265625,64
Talia,S01,A0_tdca,disc,0.006270030844668043,1.2286113543974355,0.0625,16
Talia,S02,A0_tdca,disc,0.025501970890345824,1.7936298556825025,0.0625,16
Talia,S03,A0_tdca,disc,0.021910874438804205,1.8615661547263218,0.0625,16
Talia,S04,A0_tdca,disc,0.02677486291159585,1.932921494865253,0.0625,16
Talia,S05,A0_tdca,disc,0.013643154363322892,1.2134415557024414,0.0625,16
Talia,S06,A0_tdca,disc,0.008142972584837918,1.470960022253315,0.0625,16
Talia,S07,A0_tdca,disc,0.01861358456839054,1.8874422323397322,0.0625,16
Talia,S08,A0_tdca,disc,0.01699990277740605,1.8824976307332333,0.0625,16
Talia,S09,A0_tdca,disc,0.04392704973414494,2.0005464249778386,0.0625,16
Talia,S10,A0_tdca,disc,0.010102480458140837,0.9888003683877588,0.0625,16
Talia,S11,A0_tdca,disc,0.02748745040024625,2.028008229898769,0.0625,16
Talia,S12,A0_tdca,disc,0.022045235590673364,1.8491901638153383,0.0625,16
Talia,S13,A0_tdca,disc,0.010170243021193959,1.8598544092996343,0.0625,16
Talia,S14,A0_tdca,disc,0.011596264005678996,2.1960276885488637,0.0625,16
Talia,S15,A0_tdca,disc,0.022030345308934572,1.8569034981092332,0.0625,16
Angelique,S02,A0_tdca,ctrl,-0.023996618112090137,-0.6307186851988891,0.734375,64
Angelique,S03,A0_tdca,ctrl,-0.0033375502973792396,0.8278124203013103,0.234375,64
Angelique,S04,A0_tdca,ctrl,-0.022656305661171747,0.0076327361943627214,0.359375,64
Angelique,S05,A0_tdca,ctrl,0.007040453499049999,1.6937819348254333,0.046875,64
Angelique,S07,A0_tdca,ctrl,-0.05020502744214619,-0.03423944349808541,0.484375,64
Angelique,S08,A0_tdca,ctrl,-0.0012791655775082043,1.5929610583053009,0.015625,64
Angelique,S09,A0_tdca,ctrl,-0.01131726078234862,-0.39388236144669964,0.609375,64
Angelique,S10,A0_tdca,ctrl,-0.03580199390643231,0.3599885130457031,0.390625,64
Angelique,S11,A0_tdca,ctrl,-0.011834398155277428,0.45760968194892365,0.515625,64
Angelique,S13,A0_tdca,ctrl,-0.01929859264576773,-0.1518182929908892,0.546875,64
Angelique,S15,A0_tdca,ctrl,-0.020303955175377305,-0.16980830056881138,0.515625,64
Angelique,S16,A0_tdca,ctrl,-0.02134325033108976,0.3217014093932025,0.328125,32
Angelique,S18,A0_tdca,ctrl,-0.008993724579033833,0.0004186601915848968,0.421875,64
Angelique,S19,A0_tdca,ctrl,-0.04202564093441133,-2.28577000272696,0.984375,64
Angelique,S21,A0_tdca,ctrl,-0.027432500572454537,-1.1628351780735962,0.859375,64
Angelique,S22,A0_tdca,ctrl,-0.011791205129844273,-0.8664355846782881,0.765625,64
Angelique,S23,A0_tdca,ctrl,-0.007139345573482042,1.3686161864335022,0.078125,64
Angelique,S24,A0_tdca,ctrl,-0.010302486336835288,0.2298724519092138,0.484375,64
Angelique,S25,A0_tdca,ctrl,-0.01919751458418555,-0.5169960753454123,0.671875,64
Angelique,S26,A0_tdca,ctrl,-0.037233509562102106,0.7653326642633078,0.203125,64
Angelique,S27,A0_tdca,ctrl,-0.007745350310161929,0.42194445655922125,0.359375,64
Angelique,S28,A0_tdca,ctrl,-0.02300881269248266,-0.6649156922384457,0.640625,64
Angelique,S29,A0_tdca,ctrl,-0.021859740442808837,-0.1313072970008156,0.609375,64
Angelique,S31,A0_tdca,ctrl,-0.04947957339089545,-0.8770672011386826,0.765625,64
Angelique,S32,A0_tdca,ctrl,-0.02203381749309258,-0.5256531601835611,0.609375,64
Angelique,S33,A0_tdca,ctrl,0.014499091970519741,1.3420518348996187,0.078125,64
Angelique,S34,A0_tdca,ctrl,-0.02009844068928616,0.018487238156958324,0.421875,64
Angelique,S35,A0_tdca,ctrl,-0.013200587191385517,-0.2769185549154547,0.546875,64
Angelique,S37,A0_tdca,ctrl,-0.02022305879915555,0.9556026976671267,0.203125,64
Angelique,S38,A0_tdca,ctrl,-0.012918343547367076,0.4478258378696807,0.234375,64
Talia,S01,A0_tdca,ctrl,-0.022908786269693407,-0.6302770629501957,0.6875,16
Talia,S02,A0_tdca,ctrl,-0.04149996065384887,-0.45687641468380435,0.6875,16
Talia,S03,A0_tdca,ctrl,-0.05173129155583888,-0.6314586866362232,0.6875,16
Talia,S04,A0_tdca,ctrl,-0.0309734437916966,-0.16287312652903507,0.6875,16
Talia,S05,A0_tdca,ctrl,-0.045341948876421845,-0.006172978784803376,0.4375,16
Talia,S06,A0_tdca,ctrl,-0.049091499517238305,-1.828038803835713,0.9375,16
Talia,S07,A0_tdca,ctrl,-0.0075721431170032525,0.1576896240222327,0.4375,16
Talia,S08,A0_tdca,ctrl,-0.021275641297502822,-0.29989537604552075,0.5625,16
Talia,S09,A0_tdca,ctrl,-0.022641146994926902,0.5563295300264619,0.3125,16
Talia,S10,A0_tdca,ctrl,-0.039824912212120735,-0.48028892618711905,0.6875,16
Talia,S11,A0_tdca,ctrl,-0.02068457770039129,-1.2618836477383835,0.9375,16
Talia,S12,A0_tdca,ctrl,0.023202818182890012,0.8035576407842124,0.1875,16
Talia,S13,A0_tdca,ctrl,-0.010248482557474653,0.9275383774958388,0.3125,16
Talia,S14,A0_tdca,ctrl,-0.018202228636858296,-0.20254905393348968,0.4375,16
Talia,S15,A0_tdca,ctrl,-0.01970655975968359,1.5016897407224554,0.0625,16
Angelique,S02,A1_roimean,disc,0.6874614158205651,0.35963300298812606,0.453125,64
Angelique,S03,A1_roimean,disc,1.3179456467562607,2.2411093082026956,0.015625,64
Angelique,S04,A1_roimean,disc,-0.29049246439209503,-0.8382193907808796,0.828125,64
Angelique,S05,A1_roimean,disc,1.080341078530252,1.7804621573077772,0.015625,64
Angelique,S07,A1_roimean,disc,2.2375109664528603,1.6366715565990622,0.078125,64
Angelique,S08,A1_roimean,disc,1.0092837751705914,1.6235069709814225,0.046875,64
Angelique,S09,A1_roimean,disc,0.6862838816417257,1.5157207480004813,0.078125,64
Angelique,S10,A1_roimean,disc,0.6642610293637191,1.5348334549901284,0.046875,64
Angelique,S11,A1_roimean,disc,1.117608437598778,1.6644270491026878,0.015625,64
Angelique,S13,A1_roimean,disc,1.8535968486717183,1.665282013076878,0.015625,64
Angelique,S15,A1_roimean,disc,1.774146489981054,1.7965243295317939,0.015625,64
Angelique,S16,A1_roimean,disc,2.3623744852638437,1.8003653883861246,0.015625,32
Angelique,S18,A1_roimean,disc,1.5862478178352513,1.5211960961223299,0.078125,64
Angelique,S19,A1_roimean,disc,0.031884272776288095,0.5291196823537551,0.390625,64
Angelique,S21,A1_roimean,disc,-1.3198964367794488,-1.0079017290365935,0.796875,64
Angelique,S22,A1_roimean,disc,0.15728969350643293,0.7442971022431919,0.265625,64
Angelique,S23,A1_roimean,disc,-0.011450883775143741,-0.39967968120261516,0.671875,64
Angelique,S24,A1_roimean,disc,2.2444804468216595,1.535133413219681,0.078125,64
Angelique,S25,A1_roimean,disc,0.24864449284827783,0.4899166078634866,0.328125,64
Angelique,S26,A1_roimean,disc,0.9600190510488273,1.8569017170405366,0.015625,64
Angelique,S27,A1_roimean,disc,-0.05498716936410566,-0.10607186186672997,0.546875,64
Angelique,S28,A1_roimean,disc,0.09330903618109938,-0.16649772529477433,0.578125,64
Angelique,S29,A1_roimean,disc,1.727293521977102,1.4551073269703918,0.015625,64
Angelique,S31,A1_roimean,disc,-0.30073578564091635,-0.12744014543093543,0.609375,64
Angelique,S32,A1_roimean,disc,-1.0616586035371558,-0.6902002737938931,0.796875,64
Angelique,S33,A1_roimean,disc,1.0510145338819818,1.913529837915199,0.015625,64
Angelique,S34,A1_roimean,disc,3.451954328730995,2.062254898928576,0.015625,64
Angelique,S35,A1_roimean,disc,0.3012570429751711,0.007920322368814714,0.578125,64
Angelique,S37,A1_roimean,disc,1.0858448490522938,0.7720242083452362,0.203125,64
Angelique,S38,A1_roimean,disc,0.856894701590301,1.0165547143082017,0.140625,64
Talia,S01,A1_roimean,disc,0.6092685137635128,0.420839326807662,0.5625,16
Talia,S02,A1_roimean,disc,-0.46464586651629525,-0.5309445994613975,0.5625,16
Talia,S03,A1_roimean,disc,1.1516397091646222,1.276369200247113,0.0625,16
Talia,S04,A1_roimean,disc,2.6851193276804657,1.446884748797588,0.0625,16
Talia,S05,A1_roimean,disc,1.7326589639419523,1.2513624542995836,0.0625,16
Talia,S06,A1_roimean,disc,1.2678206728845711,1.423166953074657,0.0625,16
Talia,S07,A1_roimean,disc,2.285163714490851,1.6286085500646086,0.0625,16
Talia,S08,A1_roimean,disc,1.3415364561127952,1.4715162700108178,0.0625,16
Talia,S09,A1_roimean,disc,3.8441764120378457,1.458274965212743,0.0625,16
Talia,S10,A1_roimean,disc,1.1756472458094518,0.8803825483425509,0.1875,16
Talia,S11,A1_roimean,disc,3.1065441063293298,1.7374042429290477,0.0625,16
Talia,S12,A1_roimean,disc,3.2363022742196956,1.6526247733340014,0.0625,16
Talia,S13,A1_roimean,disc,0.8582386950720599,0.9900145213283669,0.0625,16
Talia,S14,A1_roimean,disc,1.486132426307398,1.5276615138796314,0.0625,16
Talia,S15,A1_roimean,disc,1.2240095446727104,1.0668851068689766,0.0625,16
Angelique,S02,A1_roimean,ctrl,-1.2775419712837126,0.381726207150048,0.421875,64
Angelique,S03,A1_roimean,ctrl,-0.5062810322659715,0.6786165456843227,0.234375,64
Angelique,S04,A1_roimean,ctrl,-4.817624471389819,0.06258971310310414,0.359375,64
Angelique,S05,A1_roimean,ctrl,-0.4311528693385907,0.9455413300283476,0.140625,64
Angelique,S07,A1_roimean,ctrl,-3.044595919700926,1.153690790349481,0.171875,64
Angelique,S08,A1_roimean,ctrl,-0.9771112542699391,-0.9564971313164397,0.734375,64
Angelique,S09,A1_roimean,ctrl,-1.9443989949579026,-1.8278969505945555,0.984375,64
Angelique,S10,A1_roimean,ctrl,-5.759387890215744,-0.989799141860593,0.796875,64
Angelique,S11,A1_roimean,ctrl,-4.341342963526509,-0.044834109797846286,0.546875,64
Angelique,S13,A1_roimean,ctrl,-2.497237454400756,-1.2836870255496395,0.890625,64
Angelique,S15,A1_roimean,ctrl,-1.452725934259364,1.71306331547343,0.046875,64
Angelique,S16,A1_roimean,ctrl,-1.7058025894431537,-0.9720766577308486,0.796875,32
Angelique,S18,A1_roimean,ctrl,-1.4951242116730628,-2.1474422461026412,0.984375,64
Angelique,S19,A1_roimean,ctrl,-1.7638499564053,0.61371916341338,0.296875,64
Angelique,S21,A1_roimean,ctrl,-1.3979162477879932,1.8516067695441525,0.046875,64
Angelique,S22,A1_roimean,ctrl,-1.4042312963960306,0.5081279579165492,0.328125,64
Angelique,S23,A1_roimean,ctrl,-2.1247939529468285,-1.673626264591467,0.953125,64
Angelique,S24,A1_roimean,ctrl,-1.8485144295396834,0.9182372654425965,0.234375,64
Angelique,S25,A1_roimean,ctrl,-1.4843582088290823,-0.45836543388325446,0.671875,64
Angelique,S26,A1_roimean,ctrl,-4.49531085026125,-0.8135804341479221,0.765625,64
Angelique,S27,A1_roimean,ctrl,-0.03923952384071979,1.4294659971975179,0.046875,64
Angelique,S28,A1_roimean,ctrl,-1.52252149157135,-1.4168772818484192,0.890625,64
Angelique,S29,A1_roimean,ctrl,-3.0716214467187317,-0.21201901208267587,0.671875,64
Angelique,S31,A1_roimean,ctrl,-0.5587801966910074,1.6293811361530055,0.078125,64
Angelique,S32,A1_roimean,ctrl,-1.2131778105744022,1.1587466097628074,0.140625,64
Angelique,S33,A1_roimean,ctrl,0.49973867834041025,1.3507861287348086,0.109375,64
Angelique,S34,A1_roimean,ctrl,-2.4090748302892124,0.31304375346974356,0.359375,64
Angelique,S35,A1_roimean,ctrl,-0.6980413188024527,0.5982315107715477,0.359375,64
Angelique,S37,A1_roimean,ctrl,-4.206122924184984,-2.245953001381118,0.984375,64
Angelique,S38,A1_roimean,ctrl,-2.8936880391128614,-1.2716035178154526,0.890625,64
Talia,S01,A1_roimean,ctrl,-1.3576988375626104,-0.9903963624442247,0.8125,16
Talia,S02,A1_roimean,ctrl,-2.023067336665404,-0.8580981661315661,0.8125,16
Talia,S03,A1_roimean,ctrl,-2.5544907919057045,0.6418418749627111,0.3125,16
Talia,S04,A1_roimean,ctrl,-1.8285517525052584,-0.7335814378352735,0.8125,16
Talia,S05,A1_roimean,ctrl,-3.3498373501120646,-1.6593564063988562,0.9375,16
Talia,S06,A1_roimean,ctrl,-2.85369837995441,-1.4340031318904893,0.9375,16
Talia,S07,A1_roimean,ctrl,-1.5120775443477075,0.34470992518096427,0.3125,16
Talia,S08,A1_roimean,ctrl,-0.4969371352325088,0.9377679026409088,0.1875,16
Talia,S09,A1_roimean,ctrl,-0.8725801222348576,-0.16598151956243645,0.5625,16
Talia,S10,A1_roimean,ctrl,-2.0714058798108903,-1.458828022362079,0.9375,16
Talia,S11,A1_roimean,ctrl,-1.2710742380075446,0.7634664902569471,0.3125,16
Talia,S12,A1_roimean,ctrl,-0.19634238925842418,0.3025249265546401,0.4375,16
Talia,S13,A1_roimean,ctrl,-1.8193366643330395,1.1267571382818578,0.1875,16
Talia,S14,A1_roimean,ctrl,-1.8944739107364414,-0.7241510349440619,0.6875,16
Talia,S15,A1_roimean,ctrl,-2.700847017019036,-0.05866150054577802,0.5625,16
Angelique,S02,A2_roi8,disc,0.010154832137748563,0.9882286691628588,0.234375,64
Angelique,S03,A2_roi8,disc,0.011971073050621235,1.8044077361942383,0.015625,64
Angelique,S04,A2_roi8,disc,0.015124578164893493,2.0395699762055206,0.015625,64
Angelique,S05,A2_roi8,disc,0.006894343672894928,1.1487017877293648,0.140625,64
Angelique,S07,A2_roi8,disc,0.013296429951199062,1.4906350273805051,0.046875,64
Angelique,S08,A2_roi8,disc,0.00200364946399748,0.5199517492286578,0.296875,64
Angelique,S09,A2_roi8,disc,0.005882166778775388,1.1581820925806225,0.171875,64
Angelique,S10,A2_roi8,disc,-0.001174873381617726,0.3434816826612378,0.296875,64
Angelique,S11,A2_roi8,disc,0.0044784525991963435,0.46766957803996584,0.328125,64
Angelique,S13,A2_roi8,disc,0.012860108854443641,1.2506934199407598,0.203125,64
Angelique,S15,A2_roi8,disc,0.020210051614835436,1.8131684866707245,0.015625,64
Angelique,S16,A2_roi8,disc,0.015385212920354378,2.237963267142387,0.015625,32
Angelique,S18,A2_roi8,disc,0.003404340545203676,0.4901085976675247,0.265625,64
Angelique,S19,A2_roi8,disc,-0.007582235828143695,-0.20540138465925492,0.515625,64
Angelique,S21,A2_roi8,disc,-0.0010924998846876621,0.5739605617484131,0.296875,64
Angelique,S22,A2_roi8,disc,0.007715169972758638,1.5806630228306389,0.078125,64
Angelique,S23,A2_roi8,disc,0.00011723454282858727,-0.07237276860461231,0.546875,64
Angelique,S24,A2_roi8,disc,0.014143122982001564,1.8416843514830943,0.078125,64
Angelique,S25,A2_roi8,disc,0.0019733703541105476,1.020698034092896,0.203125,64
Angelique,S26,A2_roi8,disc,0.0034476326016229845,0.595404188490033,0.296875,64
Angelique,S27,A2_roi8,disc,0.003362405393307204,0.8189769022617339,0.234375,64
Angelique,S28,A2_roi8,disc,0.007516747743105948,0.6277840956377454,0.265625,64
Angelique,S29,A2_roi8,disc,0.0144943700962724,1.707730597619142,0.046875,64
Angelique,S31,A2_roi8,disc,0.0048468215194227195,1.0351721445615794,0.109375,64
Angelique,S32,A2_roi8,disc,0.00791069042914557,1.6269930814761957,0.046875,64
Angelique,S33,A2_roi8,disc,0.007026646477721415,1.1556389032325622,0.078125,64
Angelique,S34,A2_roi8,disc,0.01881370814641584,1.6955650628444945,0.046875,64
Angelique,S35,A2_roi8,disc,0.0034142788585727417,0.667190138145943,0.234375,64
Angelique,S37,A2_roi8,disc,0.01047963200894953,1.8594867278591587,0.015625,64
Angelique,S38,A2_roi8,disc,0.00692941023830744,1.5673101584442477,0.015625,64
Talia,S01,A2_roi8,disc,0.004303544292599978,0.6479309440964239,0.4375,16
Talia,S02,A2_roi8,disc,0.02242704330519644,1.5805299543233078,0.0625,16
Talia,S03,A2_roi8,disc,0.02398886498924302,1.6084466411619922,0.0625,16
Talia,S04,A2_roi8,disc,0.034279097905579106,1.8187441541836211,0.0625,16
Talia,S05,A2_roi8,disc,0.026716214448537452,1.4972023460030754,0.0625,16
Talia,S06,A2_roi8,disc,0.020095156982299203,1.463270968006108,0.0625,16
Talia,S07,A2_roi8,disc,0.022859851936199896,1.7859539043845554,0.0625,16
Talia,S08,A2_roi8,disc,0.012309178124866137,1.7539908786140377,0.0625,16
Talia,S09,A2_roi8,disc,0.055917229138670685,1.9641439446372715,0.0625,16
Talia,S10,A2_roi8,disc,0.03191995999971208,1.7924226774209724,0.0625,16
Talia,S11,A2_roi8,disc,0.034052544134490936,1.856743588810296,0.0625,16
Talia,S12,A2_roi8,disc,0.027195000395933228,1.845298184868267,0.0625,16
Talia,S13,A2_roi8,disc,0.017412338580029968,1.9569427317761292,0.0625,16
Talia,S14,A2_roi8,disc,0.011274094237047762,1.9756693514871717,0.0625,16
Talia,S15,A2_roi8,disc,0.031747748643922664,1.944081466600155,0.0625,16
Angelique,S02,A2_roi8,ctrl,-0.03815237504540644,-0.7900487773335282,0.828125,64
Angelique,S03,A2_roi8,ctrl,-0.014401323677041555,0.5731280193241862,0.296875,64
Angelique,S04,A2_roi8,ctrl,-0.06004734149316624,-0.07410619405693071,0.484375,64
Angelique,S05,A2_roi8,ctrl,-0.003005949254034348,0.8682039961770024,0.234375,64
Angelique,S07,A2_roi8,ctrl,-0.07962876082466734,0.29598457696626523,0.359375,64
Angelique,S08,A2_roi8,ctrl,-0.009238971190292836,0.25063971672911367,0.328125,64
Angelique,S09,A2_roi8,ctrl,-0.022106180778501423,-1.031182391628419,0.796875,64
Angelique,S10,A2_roi8,ctrl,-0.030344508723195968,1.5757222090644687,0.078125,64
Angelique,S11,A2_roi8,ctrl,-0.04396887497168006,-0.1434089849988057,0.546875,64
Angelique,S13,A2_roi8,ctrl,-0.042696978215290976,-0.6286761520478322,0.703125,64
Angelique,S15,A2_roi8,ctrl,-0.04023771462901444,1.1434360218111594,0.203125,64
Angelique,S16,A2_roi8,ctrl,-0.03876082842787634,-0.27200213913733245,0.578125,32
Angelique,S18,A2_roi8,ctrl,-0.02100316113905788,-0.907838462879017,0.765625,64
Angelique,S19,A2_roi8,ctrl,-0.017465185602445372,0.44365279093920135,0.390625,64
Angelique,S21,A2_roi8,ctrl,-0.030435668364567767,-0.025431414895299848,0.515625,64
Angelique,S22,A2_roi8,ctrl,-0.0019409606019360282,1.2433688849023772,0.109375,64
Angelique,S23,A2_roi8,ctrl,-0.014635156900182399,1.0951764047950694,0.109375,64
Angelique,S24,A2_roi8,ctrl,-0.024323068531208317,0.3952538156492374,0.265625,64
Angelique,S25,A2_roi8,ctrl,-0.02046836059859972,-0.43148679771173293,0.609375,64
Angelique,S26,A2_roi8,ctrl,-0.03127866512748065,1.2249783032716972,0.140625,64
Angelique,S27,A2_roi8,ctrl,-0.015742197421746807,0.6355462309946599,0.234375,64
Angelique,S28,A2_roi8,ctrl,-0.030832807483047567,-0.37857374364270574,0.515625,64
Angelique,S29,A2_roi8,ctrl,-0.04189114286708829,-1.2114541894935273,0.828125,64
Angelique,S31,A2_roi8,ctrl,-0.05598323514601669,-0.9422936157193641,0.796875,64
Angelique,S32,A2_roi8,ctrl,0.002271023458098788,1.3021314936722548,0.140625,64
Angelique,S33,A2_roi8,ctrl,-0.00014636075222085958,1.7158212353557802,0.078125,64
Angelique,S34,A2_roi8,ctrl,-0.02346195113714847,0.4519823168600802,0.328125,64
Angelique,S35,A2_roi8,ctrl,-0.017051558514924337,-0.6282148446701452,0.640625,64
Angelique,S37,A2_roi8,ctrl,-0.04411484577328004,-0.991498069601553,0.828125,64
Angelique,S38,A2_roi8,ctrl,-0.015263298821799288,0.8741148593312416,0.265625,64
Talia,S01,A2_roi8,ctrl,-0.021450413516543733,0.7325812634387769,0.1875,16
Talia,S02,A2_roi8,ctrl,-0.054832083232591755,-1.482854537105417,0.9375,16
Talia,S03,A2_roi8,ctrl,-0.042360566073953415,-0.08387646118708322,0.5625,16
Talia,S04,A2_roi8,ctrl,-0.05390333383371984,-0.9985238642249312,0.8125,16
Talia,S05,A2_roi8,ctrl,-0.0514872183800623,-0.2696782203004605,0.5625,16
Talia,S06,A2_roi8,ctrl,-0.054422541629875476,-0.9187960206146542,0.6875,16
Talia,S07,A2_roi8,ctrl,-0.016812078408929725,1.2050359520565457,0.1875,16
Talia,S08,A2_roi8,ctrl,-0.021796296486213868,0.8586945554901508,0.1875,16
Talia,S09,A2_roi8,ctrl,-0.04636217909476256,-1.0386348915987487,0.8125,16
Talia,S10,A2_roi8,ctrl,-0.07295097885075519,-1.2723194219538996,0.9375,16
Talia,S11,A2_roi8,ctrl,-0.01807787717304614,1.4768812025427813,0.0625,16
Talia,S12,A2_roi8,ctrl,-0.01543672219958322,-1.217169079384505,0.9375,16
Talia,S13,A2_roi8,ctrl,-0.013427116179990477,0.9439044374299927,0.1875,16
Talia,S14,A2_roi8,ctrl,-0.0260879690104615,-0.8395189154938089,0.8125,16
Talia,S15,A2_roi8,ctrl,-0.030478968892340346,0.7404409929706839,0.1875,16
Angelique,S02,A3_all68_k8,disc,0.003470693736711681,0.2580468658001661,0.390625,64
Angelique,S03,A3_all68_k8,disc,0.0036104445483321345,1.6301515349248994,0.046875,64
Angelique,S04,A3_all68_k8,disc,-0.002842330177547023,-0.5171288710333595,0.640625,64
Angelique,S05,A3_all68_k8,disc,0.000206260230630644,0.32232661311262156,0.484375,64
Angelique,S07,A3_all68_k8,disc,0.011907623479120394,1.9601300738821368,0.015625,64
Angelique,S08,A3_all68_k8,disc,-0.0022352404141539506,-0.3420383484557827,0.546875,64
Angelique,S09,A3_all68_k8,disc,0.0016566717070594416,1.119523070398261,0.109375,64
Angelique,S10,A3_all68_k8,disc,-9.31826563426453e-05,1.178848121647147,0.203125,64
Angelique,S11,A3_all68_k8,disc,0.004095590839919343,1.535207296495043,0.046875,64
Angelique,S13,A3_all68_k8,disc,0.012547889313015136,1.618081997925406,0.109375,64
Angelique,S15,A3_all68_k8,disc,0.012284699048152646,2.189191286497402,0.046875,64
Angelique,S16,A3_all68_k8,disc,0.006675757329285225,1.8553260905051872,0.046875,32
Angelique,S18,A3_all68_k8,disc,0.004230558777494246,0.7173393286778341,0.265625,64
Angelique,S19,A3_all68_k8,disc,-0.002328210197893879,0.011563509199270676,0.453125,64
Angelique,S21,A3_all68_k8,disc,-0.003258269584464205,0.4692069442284854,0.296875,64
Angelique,S22,A3_all68_k8,disc,-0.0023479258538217393,-0.4407885388015116,0.640625,64
Angelique,S23,A3_all68_k8,disc,0.0007294396951984481,0.7012652911348516,0.296875,64
Angelique,S24,A3_all68_k8,disc,0.012588660906567977,1.8184708422768856,0.046875,64
Angelique,S25,A3_all68_k8,disc,-0.0002717257245545745,0.6641641832432521,0.234375,64
Angelique,S26,A3_all68_k8,disc,0.0027047197817317956,0.8250966502923878,0.203125,64
Angelique,S27,A3_all68_k8,disc,-0.003390839026568759,0.37403682075850825,0.359375,64
Angelique,S28,A3_all68_k8,disc,-0.0020238819487424374,-0.2218894220342157,0.484375,64
Angelique,S29,A3_all68_k8,disc,0.0031644785832040633,0.6361962688289616,0.265625,64
Angelique,S31,A3_all68_k8,disc,-0.004661922914183604,-0.2930331711112521,0.640625,64
Angelique,S32,A3_all68_k8,disc,0.0038546779813190585,1.3786690093451397,0.078125,64
Angelique,S33,A3_all68_k8,disc,-0.004285681028385909,-0.8006712405222646,0.765625,64
Angelique,S34,A3_all68_k8,disc,0.01929720934576962,1.9507676716895423,0.015625,64
Angelique,S35,A3_all68_k8,disc,0.007027127846930485,1.2092885131794018,0.171875,64
Angelique,S37,A3_all68_k8,disc,0.001358070538632449,0.28940648852906903,0.421875,64
Angelique,S38,A3_all68_k8,disc,0.0016541080300723349,0.019720818108805997,0.484375,64
Talia,S01,A3_all68_k8,disc,-0.0020408559833212385,-0.02045518807264171,0.4375,16
Talia,S02,A3_all68_k8,disc,0.015563095026470922,1.7134959548579365,0.0625,16
Talia,S03,A3_all68_k8,disc,0.020741151881656955,1.9175694382886315,0.0625,16
Talia,S04,A3_all68_k8,disc,0.019807937101636336,1.814888823930498,0.0625,16
Talia,S05,A3_all68_k8,disc,0.010718340752641057,0.9581639014317371,0.1875,16
Talia,S06,A3_all68_k8,disc,0.007930947403485822,1.3978433178564933,0.0625,16
Talia,S07,A3_all68_k8,disc,0.020429535387585393,1.881614379291346,0.0625,16
Talia,S08,A3_all68_k8,disc,0.018406023553129147,2.033390635995164,0.0625,16
Talia,S09,A3_all68_k8,disc,0.039186937842507444,1.847027338969074,0.0625,16
Talia,S10,A3_all68_k8,disc,9.986294154922404e-05,0.11701958688630722,0.4375,16
Talia,S11,A3_all68_k8,disc,0.02357717228816836,1.9310060188048292,0.0625,16
Talia,S12,A3_all68_k8,disc,0.019047825554897237,1.9226040486535194,0.0625,16
Talia,S13,A3_all68_k8,disc,0.009808764117550797,1.8764136931642386,0.0625,16
Talia,S14,A3_all68_k8,disc,0.01337004329537884,2.0215120397398527,0.0625,16
Talia,S15,A3_all68_k8,disc,0.01381547337739985,1.9577916620847926,0.0625,16
Angelique,S02,A3_all68_k8,ctrl,-0.020303827242642264,-0.7440549877400293,0.765625,64
Angelique,S03,A3_all68_k8,ctrl,-0.0018220785204474124,1.2015328514844592,0.109375,64
Angelique,S04,A3_all68_k8,ctrl,-0.013874968592123315,1.9973800596727365,0.015625,64
Angelique,S05,A3_all68_k8,ctrl,0.005009280730955131,1.3668395215140803,0.109375,64
Angelique,S07,A3_all68_k8,ctrl,-0.05239416923753143,0.9931382257550825,0.140625,64
Angelique,S08,A3_all68_k8,ctrl,-0.003223640914129962,1.090666245873406,0.140625,64
Angelique,S09,A3_all68_k8,ctrl,-0.007008190502418316,-0.4551027652375286,0.609375,64
Angelique,S10,A3_all68_k8,ctrl,-0.023941874551079628,1.0665638232992767,0.171875,64
Angelique,S11,A3_all68_k8,ctrl,-0.01735919997214887,-0.7173964829717944,0.734375,64
Angelique,S13,A3_all68_k8,ctrl,-0.028900761307834213,-1.1288632936989247,0.859375,64
Angelique,S15,A3_all68_k8,ctrl,-0.014561428833972915,-0.7593897464964746,0.765625,64
Angelique,S16,A3_all68_k8,ctrl,-0.030557135552164997,-0.3747446773782574,0.640625,32
Angelique,S18,A3_all68_k8,ctrl,-0.011193137691064422,-0.8304664387498253,0.796875,64
Angelique,S19,A3_all68_k8,ctrl,-0.0299984413679532,-0.908199011269063,0.859375,64
Angelique,S21,A3_all68_k8,ctrl,-0.025620868940024966,0.426023094595392,0.265625,64
Angelique,S22,A3_all68_k8,ctrl,-0.01093457796721279,-0.7959319876812613,0.734375,64
Angelique,S23,A3_all68_k8,ctrl,-0.015469956350186389,0.8904286715142409,0.234375,64
Angelique,S24,A3_all68_k8,ctrl,-0.012813123042101174,-0.7193429433427975,0.734375,64
Angelique,S25,A3_all68_k8,ctrl,-0.018371079990915036,-0.3450524322777245,0.671875,64
Angelique,S26,A3_all68_k8,ctrl,-0.04310641717180665,-0.08592371748822192,0.546875,64
Angelique,S27,A3_all68_k8,ctrl,-0.009709056220346683,-0.10891059571777112,0.484375,64
Angelique,S28,A3_all68_k8,ctrl,-0.021486928925565887,-0.8077919266775034,0.796875,64
Angelique,S29,A3_all68_k8,ctrl,-0.02492002388601443,-0.2551496326863471,0.609375,64
Angelique,S31,A3_all68_k8,ctrl,-0.04890372552681369,-0.19292097056422028,0.515625,64
Angelique,S32,A3_all68_k8,ctrl,-0.02356284808471674,-0.10402900751502196,0.546875,64
Angelique,S33,A3_all68_k8,ctrl,0.01627493281277216,1.544572391055389,0.046875,64
Angelique,S34,A3_all68_k8,ctrl,-0.03385760784694395,-0.83072410458669,0.859375,64
Angelique,S35,A3_all68_k8,ctrl,-0.012222765435028602,-0.08950695472105083,0.515625,64
Angelique,S37,A3_all68_k8,ctrl,-0.021290628271205318,0.7377333554826879,0.265625,64
Angelique,S38,A3_all68_k8,ctrl,-0.016156939633607908,-0.07981711102052154,0.484375,64
Talia,S01,A3_all68_k8,ctrl,-0.01610221245213453,-0.5926072259822222,0.6875,16
Talia,S02,A3_all68_k8,ctrl,-0.0396046197342935,-0.5801536612905048,0.6875,16
Talia,S03,A3_all68_k8,ctrl,-0.05499265771722663,-0.3343666386437765,0.5625,16
Talia,S04,A3_all68_k8,ctrl,-0.026072383824601048,1.014266769370969,0.1875,16
Talia,S05,A3_all68_k8,ctrl,-0.0439451696005527,-0.03590981261830596,0.4375,16
Talia,S06,A3_all68_k8,ctrl,-0.04169501065315819,-1.1440906933520287,0.9375,16
Talia,S07,A3_all68_k8,ctrl,-0.011247577178414542,-0.4708651968624637,0.5625,16
Talia,S08,A3_all68_k8,ctrl,-0.01078746393203228,-0.14458337221682951,0.5625,16
Talia,S09,A3_all68_k8,ctrl,-0.014738779752651957,1.6241360572276364,0.0625,16
Talia,S10,A3_all68_k8,ctrl,-0.025694586848238783,0.14011475140695617,0.3125,16
Talia,S11,A3_all68_k8,ctrl,-0.03331281882058605,-1.439280045664428,0.9375,16
Talia,S12,A3_all68_k8,ctrl,0.01530906152022474,0.6227512479621252,0.4375,16
Talia,S13,A3_all68_k8,ctrl,-0.01984383161889063,1.6272473522395994,0.0625,16
Talia,S14,A3_all68_k8,ctrl,-0.01917804460481247,0.07832437266190699,0.5625,16
Talia,S15,A3_all68_k8,ctrl,-0.02454541487924357,2.0427481940344228,0.0625,16
Angelique,S02,A4_L0,disc,0.008444562296109103,1.2649689011927812,0.078125,64
Angelique,S03,A4_L0,disc,0.007428791488597392,1.8725189841484995,0.078125,64
Angelique,S04,A4_L0,disc,-0.0005844823256796438,-0.25795907619032377,0.578125,64
Angelique,S05,A4_L0,disc,0.0022201041786399666,0.7334680835040911,0.328125,64
Angelique,S07,A4_L0,disc,0.009666375602697766,1.5192309067423149,0.140625,64
Angelique,S08,A4_L0,disc,0.0006571341396905756,0.30779676480071677,0.328125,64
Angelique,S09,A4_L0,disc,0.002187073109996085,1.1223080219733967,0.109375,64
Angelique,S10,A4_L0,disc,0.0007123379791304753,0.889669536393974,0.234375,64
Angelique,S11,A4_L0,disc,0.0036667282418296164,0.49661931413385,0.265625,64
Angelique,S13,A4_L0,disc,0.009584017829485751,1.3980553045159934,0.140625,64
Angelique,S15,A4_L0,disc,0.015344109419081228,2.5021101962402685,0.015625,64
Angelique,S16,A4_L0,disc,0.0070624488761078345,1.550623609488716,0.109375,32
Angelique,S18,A4_L0,disc,0.006789008393739449,1.285917735982342,0.109375,64
Angelique,S19,A4_L0,disc,-0.001958959012769906,-0.1356057462710193,0.546875,64
Angelique,S21,A4_L0,disc,-0.0005976284072261841,0.4815073687851012,0.328125,64
Angelique,S22,A4_L0,disc,-0.0012845798811659942,-0.048876306970342995,0.515625,64
Angelique,S23,A4_L0,disc,-0.0037688795268669955,-0.7902505679054913,0.828125,64
Angelique,S24,A4_L0,disc,0.01480258765130675,2.201400842815018,0.046875,64
Angelique,S25,A4_L0,disc,-0.0009689872990953108,0.5395723956739311,0.296875,64
Angelique,S26,A4_L0,disc,0.0016980177692455412,0.7096841556492182,0.203125,64
Angelique,S27,A4_L0,disc,-0.0015962622217880254,0.43777048040100547,0.359375,64
Angelique,S28,A4_L0,disc,-0.004790737833223827,-0.5452186894929972,0.703125,64
Angelique,S29,A4_L0,disc,0.008501487833745778,1.6651818523624535,0.046875,64
Angelique,S31,A4_L0,disc,0.0012969941379847615,0.9362611422788739,0.171875,64
Angelique,S32,A4_L0,disc,0.0026658257293773317,1.1365367035101572,0.109375,64
Angelique,S33,A4_L0,disc,-0.00043378205433089933,-0.022778010767757473,0.421875,64
Angelique,S34,A4_L0,disc,0.014912626221348974,1.6463126404689432,0.046875,64
Angelique,S35,A4_L0,disc,0.005482639220266406,0.8867263950622541,0.203125,64
Angelique,S37,A4_L0,disc,0.006937018619282337,1.3866400533012277,0.109375,64
Angelique,S38,A4_L0,disc,0.0035237539176866846,0.972745071029527,0.234375,64
Talia,S01,A4_L0,disc,0.006355667485148088,1.418426429161664,0.0625,16
Talia,S02,A4_L0,disc,0.02583760340836664,1.852538486270825,0.0625,16
Talia,S03,A4_L0,disc,0.01992359153714346,1.805454729384685,0.0625,16
Talia,S04,A4_L0,disc,0.025528125637197276,1.9494035939649248,0.0625,16
Talia,S05,A4_L0,disc,0.01226679142221843,1.2851205509427748,0.0625,16
Talia,S06,A4_L0,disc,0.006925715896510634,1.4647370985058294,0.0625,16
Talia,S07,A4_L0,disc,0.015446619323265038,1.8619556074269792,0.0625,16
Talia,S08,A4_L0,disc,0.01693243689251696,1.9015371335181488,0.0625,16
Talia,S09,A4_L0,disc,0.0374819054413776,1.8845219338353212,0.0625,16
Talia,S10,A4_L0,disc,0.00960504866237773,0.9282403598541498,0.0625,16
Talia,S11,A4_L0,disc,0.024183490353360232,1.943787498269696,0.0625,16
Talia,S12,A4_L0,disc,0.018864742672414773,1.8087031906330768,0.0625,16
Talia,S13,A4_L0,disc,0.013267515524480418,1.9547885039975919,0.0625,16
Talia,S14,A4_L0,disc,0.012711554933222331,2.047240319902537,0.0625,16
Talia,S15,A4_L0,disc,0.019770662575644388,1.8146039291190028,0.0625,16
Angelique,S02,A4_L0,ctrl,-0.023278607891220552,-0.9881798513051704,0.796875,64
Angelique,S03,A4_L0,ctrl,-0.011973078062336861,0.011691225163965396,0.609375,64
Angelique,S04,A4_L0,ctrl,-0.03417754814476017,-0.3638533776489914,0.640625,64
Angelique,S05,A4_L0,ctrl,0.0027724728363683997,1.1392116146980145,0.140625,64
Angelique,S07,A4_L0,ctrl,-0.03990754476261094,0.3674100374741814,0.359375,64
Angelique,S08,A4_L0,ctrl,-0.004003498908861283,0.5563989116386108,0.265625,64
Angelique,S09,A4_L0,ctrl,-0.015643743831995998,-0.4024328978035708,0.546875,64
Angelique,S10,A4_L0,ctrl,-0.031411667927242835,0.08714314572101178,0.515625,64
Angelique,S11,A4_L0,ctrl,-0.01332177461927152,0.4525282822186098,0.421875,64
Angelique,S13,A4_L0,ctrl,-0.027561258721786743,-1.120131838461644,0.859375,64
Angelique,S15,A4_L0,ctrl,-0.030894766545811664,-0.4892473403569483,0.640625,64
Angelique,S16,A4_L0,ctrl,-0.01842768491454602,0.15420950921997517,0.484375,32
Angelique,S18,A4_L0,ctrl,-0.014213992820281395,-0.16571670756962548,0.546875,64
Angelique,S19,A4_L0,ctrl,-0.03241452298865895,-1.0219417175916357,0.828125,64
Angelique,S21,A4_L0,ctrl,-0.020805069134848964,0.38982312347692605,0.390625,64
Angelique,S22,A4_L0,ctrl,-0.010537384902258128,-0.024141589034482863,0.484375,64
Angelique,S23,A4_L0,ctrl,-0.015513274913420722,1.0213961780648493,0.140625,64
Angelique,S24,A4_L0,ctrl,-0.014243130183413522,0.20804723639899628,0.484375,64
Angelique,S25,A4_L0,ctrl,-0.027058631239906126,-0.740713366966743,0.734375,64
Angelique,S26,A4_L0,ctrl,-0.03045220120514337,1.6463620071837899,0.015625,64
Angelique,S27,A4_L0,ctrl,-0.008820417046911763,0.7737471018837251,0.234375,64
Angelique,S28,A4_L0,ctrl,-0.01750636789061336,-0.9512935809574492,0.796875,64
Angelique,S29,A4_L0,ctrl,-0.0166100219710224,0.13541531082987088,0.484375,64
Angelique,S31,A4_L0,ctrl,-0.04217620522498772,-0.5991391323854776,0.796875,64
Angelique,S32,A4_L0,ctrl,-0.017226277912777508,-0.539598934501296,0.640625,64
Angelique,S33,A4_L0,ctrl,0.01703528213186727,1.4775889016231816,0.078125,64
Angelique,S34,A4_L0,ctrl,-0.022163586400271714,0.05762880367894518,0.421875,64
Angelique,S35,A4_L0,ctrl,-0.016083508322894312,0.19537005748514175,0.265625,64
Angelique,S37,A4_L0,ctrl,-0.02277981396342975,-0.10419087022648756,0.359375,64
Angelique,S38,A4_L0,ctrl,-0.021277058852372452,-0.7340702589151361,0.796875,64
Talia,S01,A4_L0,ctrl,-0.019201744153598318,-0.08840239081696351,0.5625,16
Talia,S02,A4_L0,ctrl,-0.04493487559244945,-0.8850713881578791,0.8125,16
Talia,S03,A4_L0,ctrl,-0.04419766388660161,-0.7123772385456112,0.8125,16
Talia,S04,A4_L0,ctrl,-0.03258730544658754,-0.3964999219915252,0.6875,16
Talia,S05,A4_L0,ctrl,-0.04055913551665999,-0.6149061963594002,0.8125,16
Talia,S06,A4_L0,ctrl,-0.045164168701305685,-1.6606505724676341,0.9375,16
Talia,S07,A4_L0,ctrl,-0.009037777513865444,0.4675163789924432,0.4375,16
Talia,S08,A4_L0,ctrl,-0.01860395697505678,-0.23329852529122336,0.5625,16
Talia,S09,A4_L0,ctrl,-0.020503697349871043,0.6500620867104568,0.3125,16
Talia,S10,A4_L0,ctrl,-0.03605552594196834,-0.6415319401217134,0.6875,16
Talia,S11,A4_L0,ctrl,-0.023852989891932717,-1.3456876418396566,0.9375,16
Talia,S12,A4_L0,ctrl,0.02419087265613546,0.8004272802112331,0.3125,16
Talia,S13,A4_L0,ctrl,-0.005985325971790339,0.9971838268297734,0.1875,16
Talia,S14,A4_L0,ctrl,-0.01721619480316964,-0.10215850007911205,0.5625,16
Talia,S15,A4_L0,ctrl,-0.026798733420765584,0.5623873156607202,0.3125,16
Angelique,S02,A5_noged,disc,3.463497390416179,0.6420468934687509,0.296875,64
Angelique,S03,A5_noged,disc,3.5339550471542034,2.1963523508102116,0.015625,64
Angelique,S04,A5_noged,disc,-2.413662790496517,-0.5142153914100118,0.703125,64
Angelique,S05,A5_noged,disc,3.224505587054671,1.7790591793828483,0.015625,64
Angelique,S07,A5_noged,disc,7.266422714355548,1.639133315391815,0.109375,64
Angelique,S08,A5_noged,disc,1.6587430069226166,1.0868511570611459,0.140625,64
Angelique,S09,A5_noged,disc,1.4028633923390617,1.5050020345288295,0.078125,64
Angelique,S10,A5_noged,disc,0.7031095736277698,1.4019382443957356,0.078125,64
Angelique,S11,A5_noged,disc,3.877750377208947,1.9371700080268874,0.046875,64
Angelique,S13,A5_noged,disc,6.969078152679007,1.7065481185583697,0.078125,64
Angelique,S15,A5_noged,disc,5.752889675127196,2.4457731535414133,0.046875,64
Angelique,S16,A5_noged,disc,3.8371484494675103,1.4745056566880208,0.078125,32
Angelique,S18,A5_noged,disc,7.481211913597316,1.7185285949401286,0.078125,64
Angelique,S19,A5_noged,disc,-0.15162945979492023,0.3532574639326294,0.390625,64
Angelique,S21,A5_noged,disc,-2.1544611190838387,0.4153486845348855,0.359375,64
Angelique,S22,A5_noged,disc,0.14893651613222794,0.4366343500002055,0.296875,64
Angelique,S23,A5_noged,disc,0.252535926066569,0.27434668861920314,0.359375,64
Angelique,S24,A5_noged,disc,8.894842582238644,1.523222789546604,0.078125,64
Angelique,S25,A5_noged,disc,-0.7970403713010316,0.15062292722187834,0.453125,64
Angelique,S26,A5_noged,disc,0.7789352932533121,0.6464239389111187,0.296875,64
Angelique,S27,A5_noged,disc,-0.0010408447563013078,1.0517380913497782,0.171875,64
Angelique,S28,A5_noged,disc,-1.345954389703494,-0.4179548500383418,0.640625,64
Angelique,S29,A5_noged,disc,6.109290442122982,1.3062414599005323,0.109375,64
Angelique,S31,A5_noged,disc,1.3697085250249765,1.252013095718531,0.140625,64
Angelique,S32,A5_noged,disc,1.7159033035107323,1.4379883045548276,0.015625,64
Angelique,S33,A5_noged,disc,0.3482870287824274,1.1162955524789253,0.109375,64
Angelique,S34,A5_noged,disc,11.727792977234182,2.087157757665334,0.015625,64
Angelique,S35,A5_noged,disc,1.1681868629422345,-0.16108685369300027,0.515625,64
Angelique,S37,A5_noged,disc,0.6381479428334226,0.2168079946390915,0.421875,64
Angelique,S38,A5_noged,disc,2.4831389598888802,0.6514379147476028,0.265625,64
Talia,S01,A5_noged,disc,-4.773066166404144,-0.8342510299371325,0.8125,16
Talia,S02,A5_noged,disc,4.571544994604446,1.2715178980861455,0.0625,16
Talia,S03,A5_noged,disc,4.4918852305712145,1.0354716465052978,0.1875,16
Talia,S04,A5_noged,disc,11.57887744105657,1.436610801771393,0.0625,16
Talia,S05,A5_noged,disc,5.557875928971475,1.0104128805194916,0.0625,16
Talia,S06,A5_noged,disc,5.630004875512007,1.6144270303591095,0.0625,16
Talia,S07,A5_noged,disc,8.612687764836949,1.9422266403368889,0.0625,16
Talia,S08,A5_noged,disc,6.868137457721527,1.1495421418282594,0.0625,16
Talia,S09,A5_noged,disc,16.553256926002724,1.5522845277504496,0.0625,16
Talia,S10,A5_noged,disc,5.251026231281774,0.9926647258833352,0.1875,16
Talia,S11,A5_noged,disc,10.50590081639012,1.7942960399250396,0.0625,16
Talia,S12,A5_noged,disc,13.821381901186808,1.8443996551393607,0.0625,16
Talia,S13,A5_noged,disc,4.9800956563460925,1.0747588864518178,0.0625,16
Talia,S14,A5_noged,disc,7.33416286283439,1.850115096939639,0.0625,16
Talia,S15,A5_noged,disc,6.860581304505828,1.8641373331068112,0.0625,16
Angelique,S02,A5_noged,ctrl,-6.540625557853517,-1.4191363640850116,0.859375,64
Angelique,S03,A5_noged,ctrl,-2.8374701352647307,0.6780514994385761,0.296875,64
Angelique,S04,A5_noged,ctrl,-11.22296334304369,0.07089807554919994,0.484375,64
Angelique,S05,A5_noged,ctrl,-2.630675090176157,0.16441070950869396,0.359375,64
Angelique,S07,A5_noged,ctrl,-11.669582603875298,0.8654740694227394,0.234375,64
Angelique,S08,A5_noged,ctrl,-2.0823728916825472,-0.20201991913342754,0.578125,64
Angelique,S09,A5_noged,ctrl,-3.2633661579591777,-0.27615919748444484,0.546875,64
Angelique,S10,A5_noged,ctrl,-19.703187127545736,-0.47208166328602863,0.703125,64
Angelique,S11,A5_noged,ctrl,-1.939206333199633,0.9925497082441319,0.234375,64
Angelique,S13,A5_noged,ctrl,-11.745631500651678,-1.6516666944452412,0.984375,64
Angelique,S15,A5_noged,ctrl,-5.968405234342469,-0.362519957721682,0.671875,64
Angelique,S16,A5_noged,ctrl,-6.114034491916308,-0.2776243506604371,0.609375,32
Angelique,S18,A5_noged,ctrl,-4.923711709643267,-1.2860187293477385,0.828125,64
Angelique,S19,A5_noged,ctrl,-9.187554700796769,0.417850530465581,0.390625,64
Angelique,S21,A5_noged,ctrl,-7.113781556599037,2.4225861762205523,0.046875,64
Angelique,S22,A5_noged,ctrl,-4.645144999840087,-0.0732207149971784,0.546875,64
Angelique,S23,A5_noged,ctrl,-4.201314620634367,-0.01573016697949455,0.421875,64
Angelique,S24,A5_noged,ctrl,-6.837545427421548,-0.5834027462893603,0.640625,64
Angelique,S25,A5_noged,ctrl,-11.823595954550553,-0.757225570298457,0.671875,64
Angelique,S26,A5_noged,ctrl,-14.474577726447201,0.06154215664328032,0.390625,64
Angelique,S27,A5_noged,ctrl,-3.9813386908610444,0.832052458573254,0.234375,64
Angelique,S28,A5_noged,ctrl,-4.177116167052609,-1.3082647137644519,0.921875,64
Angelique,S29,A5_noged,ctrl,5.603857852375259,1.249380380622256,0.203125,64
Angelique,S31,A5_noged,ctrl,-6.331847556371979,1.301491667672058,0.109375,64
Angelique,S32,A5_noged,ctrl,-5.0656873882329,0.14368184374037332,0.453125,64
Angelique,S33,A5_noged,ctrl,20.49020241714813,1.308429230821764,0.109375,64
Angelique,S34,A5_noged,ctrl,-9.896369496124338,0.034784831774232604,0.484375,64
Angelique,S35,A5_noged,ctrl,-2.359995818678964,1.16525186751598,0.109375,64
Angelique,S37,A5_noged,ctrl,-9.193339081485227,-1.1095638477739147,0.890625,64
Angelique,S38,A5_noged,ctrl,-10.388206714535135,-0.9794943221821655,0.734375,64
Talia,S01,A5_noged,ctrl,-6.666248229487543,-0.8187056607952072,0.8125,16
Talia,S02,A5_noged,ctrl,-11.421560104982593,-1.1875316338984607,0.9375,16
Talia,S03,A5_noged,ctrl,-7.162551256526692,1.4858064937289195,0.1875,16
Talia,S04,A5_noged,ctrl,-6.11629433517132,0.10677813084605407,0.4375,16
Talia,S05,A5_noged,ctrl,-11.716255390556894,-1.1177944982259935,0.8125,16
Talia,S06,A5_noged,ctrl,-10.767670134181035,-1.4877126404564558,0.9375,16
Talia,S07,A5_noged,ctrl,-4.205916171702896,0.39191502632887476,0.3125,16
Talia,S08,A5_noged,ctrl,-3.1718417351147696,0.06956784665203508,0.5625,16
Talia,S09,A5_noged,ctrl,-4.180681621504966,0.6740704876113179,0.3125,16
Talia,S10,A5_noged,ctrl,-6.761725582413929,-0.4553899641004043,0.6875,16
Talia,S11,A5_noged,ctrl,-9.401620362569606,-1.3240095294026026,0.9375,16
Talia,S12,A5_noged,ctrl,15.982637574075653,0.6376317616973306,0.4375,16
Talia,S13,A5_noged,ctrl,-7.684964092750533,0.8913783661198754,0.1875,16
Talia,S14,A5_noged,ctrl,-7.171258063770557,-0.34383543477323186,0.6875,16
Talia,S15,A5_noged,ctrl,-9.649034532440202,-0.12359530733976434,0.5625,16
